WellID,CompletionID,API_uwi,Unformatted_API_uwi,WellName,WellboreId,ProducingMonth,TotalProdMonths,TotalCompletionMonths,ProducingDays,Prod_BOE,Prod_MCFE,LiquidsProd_BBL,GasProd_MCF,WaterProd_BBL,RepGasProd_MCF,CDProd_BOEPerDAY,CDProd_MCFEPerDAY,CDLiquids_BBLPerDAY,CDGas_MCFPerDAY,CDWater_BBLPerDAY,CDRepGas_MCFPerDAY,PDProd_BOEPerDAY,PDProd_MCFEPerDAY,PDLiquids_BBLPerDAY,PDGas_MCFPerDAY,PDWater_BBLPerDAY,PDRepGas_MCFPerDAY,CumProd_BOE,CumProd_MCFE,CumLiquids_BBL,CumGas_MCF,CumWater_BBL,CumRepGas_MCF,ProductionReportedMethod,ProducingOperator,InjectionGas_MCF,InjectionSolvent_BBL,InjectionSteam_BBL,InjectionWater_BBL,InjectionOther_BBL,CalendarDayInjectionWater_BBLPerDAY,CalendarDayInjectionSteam_BBLPerDAY,CalendarDayInjectionSolvent_BBLPerDAY,CalendarDayInjectionGas_MCFPerDAY,CalendarDayInjectionOther_BBLPerDAY,ENVProdID
840300001068567,8.40301E+14,30-015-38519,3001538519,LONG BRANCH 002,687224,3/1/2012,1,1,1,80,480,80,0,373,0,3,15,3,0,12,0,80,480,80,0,373,0,80,480,80,0,373,0,REPORTED,"NADEL AND GUSSMAN PERMIAN, LLC",,,,,,,,,,,1
840300001068567,8.40301E+14,30-015-38519,3001538519,LONG BRANCH 002,687224,4/1/2012,2,2,5,101,605,99,11,656,0,3,20,3,0,22,0,20,121,20,2,131,0,181,1085,179,11,1029,0,REPORTED,"NADEL AND GUSSMAN PERMIAN, LLC",,,,,,,,,,,1
840300001068567,8.40301E+14,30-015-38519,3001538519,LONG BRANCH 002,687224,5/1/2012,3,3,5,65,387,60,27,11259,0,2,12,2,1,363,0,13,77,12,5,2252,0,245,1472,239,38,12288,0,REPORTED,"NADEL AND GUSSMAN PERMIAN, LLC",,,,,,,,,,,1
840300001068567,8.40301E+14,30-015-38519,3001538519,LONG BRANCH 002,687224,6/1/2012,4,4,11,153,917,149,23,19821,0,5,31,5,1,661,0,14,83,14,2,1802,0,398,2389,388,61,32109,0,REPORTED,"NADEL AND GUSSMAN PERMIAN, LLC",,,,,,,,,,,1
840300001068567,8.40301E+14,30-015-38519,3001538519,LONG BRANCH 002,687224,7/1/2012,5,5,2,22,133,22,1,0,0,1,4,1,0,0,0,11,67,11,1,0,0,420,2522,410,62,32109,0,REPORTED,"NADEL AND GUSSMAN PERMIAN, LLC",,,,,,,,,,,1
840300001068567,8.40301E+14,30-015-38519,3001538519,LONG BRANCH 002,687224,8/1/2012,6,6,27,116,693,115,3,35069,0,4,22,4,0,1131,0,4,26,4,0,1299,0,536,3215,525,65,67178,0,REPORTED,"NADEL AND GUSSMAN PERMIAN, LLC",,,,,,,,,,,1
840300001068567,8.40301E+14,30-015-38519,3001538519,LONG BRANCH 002,687224,9/1/2012,7,7,9,52,312,52,0,8877,0,2,10,2,0,296,0,6,35,6,0,986,0,588,3527,577,65,76055,0,REPORTED,"NADEL AND GUSSMAN PERMIAN, LLC",,,,,,,,,,,1
840300001068567,8.40301E+14,30-015-38519,3001538519,LONG BRANCH 002,687224,10/1/2012,8,8,1,22,132,22,0,16,0,1,4,1,0,1,0,22,132,22,0,16,0,610,3659,599,65,76071,0,REPORTED,"NADEL AND GUSSMAN PERMIAN, LLC",,,,,,,,,,,1
840300001068567,8.40301E+14,30-015-38519,3001538519,LONG BRANCH 002,687224,11/1/2012,9,9,1,27,161,25,11,0,0,1,5,1,0,0,0,27,161,25,11,0,0,637,3820,624,76,76071,0,REPORTED,"NADEL AND GUSSMAN PERMIAN, LLC",,,,,,,,,,,1
840300001068567,8.40301E+14,30-015-38519,3001538519,LONG BRANCH 002,687224,12/1/2012,10,10,1,17,102,17,0,0,0,1,3,1,0,0,0,17,102,17,0,0,0,654,3922,641,76,76071,0,REPORTED,"NADEL AND GUSSMAN PERMIAN, LLC",,,,,,,,,,,1
840300001068567,8.40301E+14,30-015-38519,3001538519,LONG BRANCH 002,687224,1/1/2013,11,11,1,4,22,2,10,0,0,0,1,0,0,0,0,4,22,2,10,0,0,657,3944,643,86,76071,0,REPORTED,"NADEL AND GUSSMAN PERMIAN, LLC",,,,,,,,,,,1
840300001068567,8.40301E+14,30-015-38519,3001538519,LONG BRANCH 002,687224,2/1/2013,12,12,1,66,394,64,10,0,0,2,14,2,0,0,0,66,394,64,10,0,0,723,4338,707,96,76071,0,REPORTED,"NADEL AND GUSSMAN PERMIAN, LLC",,,,,,,,,,,1
840300001068567,8.40301E+14,30-015-38519,3001538519,LONG BRANCH 002,687224,3/1/2013,13,13,1,29,171,27,9,0,0,1,6,1,0,0,0,29,171,27,9,0,0,752,4509,734,105,76071,0,REPORTED,"NADEL AND GUSSMAN PERMIAN, LLC",,,,,,,,,,,1
840300001068567,8.40301E+14,30-015-38519,3001538519,LONG BRANCH 002,687224,4/1/2013,14,14,1,38,229,37,7,0,0,1,8,1,0,0,0,38,229,37,7,0,0,790,4738,771,112,76071,0,REPORTED,"NADEL AND GUSSMAN PERMIAN, LLC",,,,,,,,,,,1
840300001068567,8.40301E+14,30-015-38519,3001538519,LONG BRANCH 002,687224,5/1/2013,15,15,2,37,222,37,0,0,0,1,7,1,0,0,0,19,111,19,0,0,0,827,4960,808,112,76071,0,REPORTED,"NADEL AND GUSSMAN PERMIAN, LLC",,,,,,,,,,,1
840300001068567,8.40301E+14,30-015-38519,3001538519,LONG BRANCH 002,687224,6/1/2013,16,16,1,19,114,19,0,0,0,1,4,1,0,0,0,19,114,19,0,0,0,846,5074,827,112,76071,0,REPORTED,"NADEL AND GUSSMAN PERMIAN, LLC",,,,,,,,,,,1
840300001068567,8.40301E+14,30-015-38519,3001538519,LONG BRANCH 002,687224,7/1/2013,17,17,0,0,0,0,0,0,0,0,0,0,0,0,0,0,0,0,0,0,0,846,5074,827,112,76071,0,REPORTED,,,,,,,,,,,,1
840300001068567,8.40301E+14,30-015-38519,3001538519,LONG BRANCH 002,687224,8/1/2013,18,18,1,41,246,41,0,0,0,1,8,1,0,0,0,41,246,41,0,0,0,887,5320,868,112,76071,0,REPORTED,"NADEL AND GUSSMAN PERMIAN, LLC",,,,,,,,,,,1
840300001068567,8.40301E+14,30-015-38519,3001538519,LONG BRANCH 002,687224,9/1/2013,19,19,2,30,180,30,0,0,0,1,6,1,0,0,0,15,90,15,0,0,0,917,5500,898,112,76071,0,REPORTED,"NADEL AND GUSSMAN PERMIAN, LLC",,,,,,,,,,,1
840300001068567,8.40301E+14,30-015-38519,3001538519,LONG BRANCH 002,687224,10/1/2013,20,20,0,0,0,0,0,0,0,0,0,0,0,0,0,0,0,0,0,0,0,917,5500,898,112,76071,0,REPORTED,,,,,,,,,,,,1
840300001068567,8.40301E+14,30-015-38519,3001538519,LONG BRANCH 002,687224,11/1/2013,21,21,0,0,0,0,0,0,0,0,0,0,0,0,0,0,0,0,0,0,0,917,5500,898,112,76071,0,REPORTED,,,,,,,,,,,,1
840300001068567,8.40301E+14,30-015-38519,3001538519,LONG BRANCH 002,687224,12/1/2013,22,22,2,36,216,36,0,0,0,1,7,1,0,0,0,18,108,18,0,0,0,953,5716,934,112,76071,0,REPORTED,"NADEL AND GUSSMAN PERMIAN, LLC",,,,,,,,,,,1
840300001068567,8.40301E+14,30-015-38519,3001538519,LONG BRANCH 002,687224,1/1/2014,23,23,1,8,48,6,12,0,0,0,2,0,0,0,0,8,48,6,12,0,0,961,5764,940,124,76071,0,REPORTED,"NADEL AND GUSSMAN PERMIAN, LLC",,,,,,,,,,,1
840300001068567,8.40301E+14,30-015-38519,3001538519,LONG BRANCH 002,687224,2/1/2014,24,24,0,0,0,0,0,0,0,0,0,0,0,0,0,0,0,0,0,0,0,961,5764,940,124,76071,0,REPORTED,,,,,,,,,,,,1
840300001068567,8.40301E+14,30-015-38519,3001538519,LONG BRANCH 002,687224,3/1/2014,25,25,1,1,7,0,7,0,0,0,0,0,0,0,0,1,7,0,7,0,0,962,5771,940,131,76071,0,REPORTED,"NADEL AND GUSSMAN PERMIAN, LLC",,,,,,,,,,,1
840300001068567,8.40301E+14,30-015-38519,3001538519,LONG BRANCH 002,687224,4/1/2014,26,26,1,2,10,0,10,0,0,0,0,0,0,0,0,2,10,0,10,0,0,964,5781,940,141,76071,0,REPORTED,"NADEL AND GUSSMAN PERMIAN, LLC",,,,,,,,,,,1
840300001068567,8.40301E+14,30-015-38519,3001538519,LONG BRANCH 002,687224,5/1/2014,27,27,1,0,1,0,1,0,0,0,0,0,0,0,0,0,1,0,1,0,0,964,5782,940,142,76071,0,REPORTED,"NADEL AND GUSSMAN PERMIAN, LLC",,,,,,,,,,,1
840300001068567,8.40301E+14,30-015-38519,3001538519,LONG BRANCH 002,687224,6/1/2014,28,28,1,32,190,30,10,0,0,1,6,1,0,0,0,32,190,30,10,0,0,995,5972,970,152,76071,0,REPORTED,"NADEL AND GUSSMAN PERMIAN, LLC",,,,,,,,,,,1
840300001068567,8.40301E+14,30-015-38519,3001538519,LONG BRANCH 002,687224,7/1/2014,29,29,1,2,9,0,9,0,0,0,0,0,0,0,0,2,9,0,9,0,0,997,5981,970,161,76071,0,REPORTED,"NADEL AND GUSSMAN PERMIAN, LLC",,,,,,,,,,,1
840300001068567,8.40301E+14,30-015-38519,3001538519,LONG BRANCH 002,687224,8/1/2014,30,30,1,89,533,88,5,0,0,3,17,3,0,0,0,89,533,88,5,0,0,1086,6514,1058,166,76071,0,REPORTED,"NADEL AND GUSSMAN PERMIAN, LLC",,,,,,,,,,,1
840300001068567,8.40301E+14,30-015-38519,3001538519,LONG BRANCH 002,687224,9/1/2014,31,31,1,45,269,44,5,0,0,1,9,1,0,0,0,45,269,44,5,0,0,1131,6783,1102,171,76071,0,REPORTED,"NADEL AND GUSSMAN PERMIAN, LLC",,,,,,,,,,,1
840300001068567,8.40301E+14,30-015-38519,3001538519,LONG BRANCH 002,687224,10/1/2014,32,32,0,0,0,0,0,0,0,0,0,0,0,0,0,0,0,0,0,0,0,1131,6783,1102,171,76071,0,REPORTED,,,,,,,,,,,,1
840300001068567,8.40301E+14,30-015-38519,3001538519,LONG BRANCH 002,687224,11/1/2014,33,33,1,30,180,30,0,0,0,1,6,1,0,0,0,30,180,30,0,0,0,1161,6963,1132,171,76071,0,REPORTED,"NADEL AND GUSSMAN PERMIAN, LLC",,,,,,,,,,,1
840300001068567,8.40301E+14,30-015-38519,3001538519,LONG BRANCH 002,687224,12/1/2014,34,34,0,0,0,0,0,0,0,0,0,0,0,0,0,0,0,0,0,0,0,1161,6963,1132,171,76071,0,REPORTED,,,,,,,,,,,,1
840300001068567,8.40301E+14,30-015-38519,3001538519,LONG BRANCH 002,687224,1/1/2015,35,35,0,0,0,0,0,0,0,0,0,0,0,0,0,0,0,0,0,0,0,1161,6963,1132,171,76071,0,REPORTED,,,,,,,,,,,,1
840300001068567,8.40301E+14,30-015-38519,3001538519,LONG BRANCH 002,687224,2/1/2015,36,36,0,0,0,0,0,0,0,0,0,0,0,0,0,0,0,0,0,0,0,1161,6963,1132,171,76071,0,REPORTED,,,,,,,,,,,,1
840300001068567,8.40301E+14,30-015-38519,3001538519,LONG BRANCH 002,687224,3/1/2015,37,37,0,0,0,0,0,0,0,0,0,0,0,0,0,0,0,0,0,0,0,1161,6963,1132,171,76071,0,REPORTED,,,,,,,,,,,,1
840300001068567,8.40301E+14,30-015-38519,3001538519,LONG BRANCH 002,687224,4/1/2015,38,38,0,0,0,0,0,0,0,0,0,0,0,0,0,0,0,0,0,0,0,1161,6963,1132,171,76071,0,REPORTED,,,,,,,,,,,,1
840300001068567,8.40301E+14,30-015-38519,3001538519,LONG BRANCH 002,687224,5/1/2015,39,39,0,0,0,0,0,0,0,0,0,0,0,0,0,0,0,0,0,0,0,1161,6963,1132,171,76071,0,REPORTED,,,,,,,,,,,,1
840300001068567,8.40301E+14,30-015-38519,3001538519,LONG BRANCH 002,687224,6/1/2015,40,40,2,38,228,38,0,0,0,1,8,1,0,0,0,19,114,19,0,0,0,1199,7191,1170,171,76071,0,REPORTED,"NADEL AND GUSSMAN PERMIAN, LLC",,,,,,,,,,,1
840300001068567,8.40301E+14,30-015-38519,3001538519,LONG BRANCH 002,687224,7/1/2015,41,41,0,0,0,0,0,0,0,0,0,0,0,0,0,0,0,0,0,0,0,1199,7191,1170,171,76071,0,REPORTED,,,,,,,,,,,,1
840300001068567,8.40301E+14,30-015-38519,3001538519,LONG BRANCH 002,687224,8/1/2015,42,42,0,0,0,0,0,0,0,0,0,0,0,0,0,0,0,0,0,0,0,1199,7191,1170,171,76071,0,REPORTED,,,,,,,,,,,,1
840300001068567,8.40301E+14,30-015-38519,3001538519,LONG BRANCH 002,687224,9/1/2015,43,43,0,0,0,0,0,0,0,0,0,0,0,0,0,0,0,0,0,0,0,1199,7191,1170,171,76071,0,REPORTED,,,,,,,,,,,,1
840300001068567,8.40301E+14,30-015-38519,3001538519,LONG BRANCH 002,687224,10/1/2015,44,44,0,0,0,0,0,0,0,0,0,0,0,0,0,0,0,0,0,0,0,1199,7191,1170,171,76071,0,REPORTED,,,,,,,,,,,,1
840300001068567,8.40301E+14,30-015-38519,3001538519,LONG BRANCH 002,687224,11/1/2015,45,45,0,0,0,0,0,0,0,0,0,0,0,0,0,0,0,0,0,0,0,1199,7191,1170,171,76071,0,REPORTED,,,,,,,,,,,,1
840300001068567,8.40301E+14,30-015-38519,3001538519,LONG BRANCH 002,687224,12/1/2015,46,46,0,0,0,0,0,0,0,0,0,0,0,0,0,0,0,0,0,0,0,1199,7191,1170,171,76071,0,REPORTED,,,,,,,,,,,,1
840300001068567,8.40301E+14,30-015-38519,3001538519,LONG BRANCH 002,687224,1/1/2016,47,47,0,0,0,0,0,0,0,0,0,0,0,0,0,0,0,0,0,0,0,1199,7191,1170,171,76071,0,REPORTED,,,,,,,,,,,,1
840300001068567,8.40301E+14,30-015-38519,3001538519,LONG BRANCH 002,687224,2/1/2016,48,48,29,60,360,60,0,0,0,2,12,2,0,0,0,2,12,2,0,0,0,1259,7551,1230,171,76071,0,REPORTED,"BC OPERATING, INC.",,,,,,,,,,,1
840300001068567,8.40301E+14,30-015-38519,3001538519,LONG BRANCH 002,687224,3/1/2016,49,49,0,0,0,0,0,0,0,0,0,0,0,0,0,0,0,0,0,0,0,1259,7551,1230,171,76071,0,REPORTED,,,,,,,,,,,,1
840300001068567,8.40301E+14,30-015-38519,3001538519,LONG BRANCH 002,687224,4/1/2016,50,50,30,56,336,56,0,0,0,2,11,2,0,0,0,2,11,2,0,0,0,1315,7887,1286,171,76071,0,REPORTED,"BC OPERATING, INC.",,,,,,,,,,,1
840300001068567,8.40301E+14,30-015-38519,3001538519,LONG BRANCH 002,687224,5/1/2016,51,51,31,31,184,30,4,28,0,1,6,1,0,1,0,1,6,1,0,1,0,1345,8071,1316,175,76099,0,REPORTED,"BC OPERATING, INC.",,,,,,,,,,,1
840300001068567,8.40301E+14,30-015-38519,3001538519,LONG BRANCH 002,687224,6/1/2016,52,52,30,1,3,0,3,0,0,0,0,0,0,0,0,0,0,0,0,0,0,1346,8074,1316,178,76099,0,REPORTED,"BC OPERATING, INC.",,,,,,,,,,,1
840300001068567,8.40301E+14,30-015-38519,3001538519,LONG BRANCH 002,687224,7/1/2016,53,53,31,1,4,0,4,0,0,0,0,0,0,0,0,0,0,0,0,0,0,1346,8078,1316,182,76099,0,REPORTED,"BC OPERATING, INC.",,,,,,,,,,,1
840300001068567,8.40301E+14,30-015-38519,3001538519,LONG BRANCH 002,687224,8/1/2016,54,54,31,0,1,0,1,0,0,0,0,0,0,0,0,0,0,0,0,0,0,1347,8079,1316,183,76099,0,REPORTED,"BC OPERATING, INC.",,,,,,,,,,,1
840300001068567,8.40301E+14,30-015-38519,3001538519,LONG BRANCH 002,687224,9/1/2016,55,55,30,5,30,5,0,6,0,0,1,0,0,0,0,0,1,0,0,0,0,1352,8109,1321,183,76105,0,REPORTED,"BC OPERATING, INC.",,,,,,,,,,,1
840300001068567,8.40301E+14,30-015-38519,3001538519,LONG BRANCH 002,687224,10/1/2016,56,56,31,3,18,3,0,3,0,0,1,0,0,0,0,0,1,0,0,0,0,1355,8127,1324,183,76108,0,REPORTED,"BC OPERATING, INC.",,,,,,,,,,,1
840300001068567,8.40301E+14,30-015-38519,3001538519,LONG BRANCH 002,687224,11/1/2016,57,57,30,0,0,0,0,3,0,0,0,0,0,0,0,0,0,0,0,0,0,1355,8127,1324,183,76111,0,REPORTED,"BC OPERATING, INC.",,,,,,,,,,,1
840300001068567,8.40301E+14,30-015-38519,3001538519,LONG BRANCH 002,687224,12/1/2016,58,58,31,0,0,0,0,3,0,0,0,0,0,0,0,0,0,0,0,0,0,1355,8127,1324,183,76114,0,REPORTED,"BC OPERATING, INC.",,,,,,,,,,,1
840300001068567,8.40301E+14,30-015-38519,3001538519,LONG BRANCH 002,687224,1/1/2017,59,59,31,0,0,0,0,3,0,0,0,0,0,0,0,0,0,0,0,0,0,1355,8127,1324,183,76117,0,REPORTED,"BC OPERATING, INC.",,,,,,,,,,,1
840300001068567,8.40301E+14,30-015-38519,3001538519,LONG BRANCH 002,687224,2/1/2017,60,60,0,0,0,0,0,0,0,0,0,0,0,0,0,0,0,0,0,0,0,1355,8127,1324,183,76117,0,REPORTED,,,,,,,,,,,,1
840300001068567,8.40301E+14,30-015-38519,3001538519,LONG BRANCH 002,687224,3/1/2017,61,61,31,0,2,0,2,0,0,0,0,0,0,0,0,0,0,0,0,0,0,1355,8129,1324,185,76117,0,REPORTED,"BC OPERATING, INC.",,,,,,,,,,,1
840300001068567,8.40301E+14,30-015-38519,3001538519,LONG BRANCH 002,687224,4/1/2017,62,62,30,0,2,0,2,0,0,0,0,0,0,0,0,0,0,0,0,0,0,1355,8131,1324,187,76117,0,REPORTED,"BC OPERATING, INC.",,,,,,,,,,,1
840300001068567,8.40301E+14,30-015-38519,3001538519,LONG BRANCH 002,687224,5/1/2017,63,63,0,0,0,0,0,0,0,0,0,0,0,0,0,0,0,0,0,0,0,1355,8131,1324,187,76117,0,REPORTED,,,,,,,,,,,,1
840300001068567,8.40301E+14,30-015-38519,3001538519,LONG BRANCH 002,687224,6/1/2017,64,64,0,0,0,0,0,0,0,0,0,0,0,0,0,0,0,0,0,0,0,1355,8131,1324,187,76117,0,REPORTED,,,,,,,,,,,,1
840300001068567,8.40301E+14,30-015-38519,3001538519,LONG BRANCH 002,687224,7/1/2017,65,65,0,0,0,0,0,0,0,0,0,0,0,0,0,0,0,0,0,0,0,1355,8131,1324,187,76117,0,REPORTED,,,,,,,,,,,,1
840300001068567,8.40301E+14,30-015-38519,3001538519,LONG BRANCH 002,687224,8/1/2017,66,66,0,0,0,0,0,0,0,0,0,0,0,0,0,0,0,0,0,0,0,1355,8131,1324,187,76117,0,REPORTED,,,,,,,,,,,,1
840300001068567,8.40301E+14,30-015-38519,3001538519,LONG BRANCH 002,687224,9/1/2017,67,67,0,0,0,0,0,0,0,0,0,0,0,0,0,0,0,0,0,0,0,1355,8131,1324,187,76117,0,REPORTED,,,,,,,,,,,,1
840300001068567,8.40301E+14,30-015-38519,3001538519,LONG BRANCH 002,687224,10/1/2017,68,68,1,0,0,0,0,3,0,0,0,0,0,0,0,0,0,0,0,3,0,1355,8131,1324,187,76120,0,REPORTED,MARATHON OIL PERMIAN LLC,,,,,,,,,,,1
840300001068567,8.40301E+14,30-015-38519,3001538519,LONG BRANCH 002,687224,11/1/2017,69,69,0,0,0,0,0,0,0,0,0,0,0,0,0,0,0,0,0,0,0,1355,8131,1324,187,76120,0,REPORTED,,,,,,,,,,,,1
840300001068567,8.40301E+14,30-015-38519,3001538519,LONG BRANCH 002,687224,12/1/2017,70,70,0,0,0,0,0,0,0,0,0,0,0,0,0,0,0,0,0,0,0,1355,8131,1324,187,76120,0,REPORTED,,,,,,,,,,,,1
840300001068567,8.40301E+14,30-015-38519,3001538519,LONG BRANCH 002,687224,1/1/2018,71,71,0,0,0,0,0,0,0,0,0,0,0,0,0,0,0,0,0,0,0,1355,8131,1324,187,76120,0,REPORTED,,,,,,,,,,,,1
840300001068567,8.40301E+14,30-015-38519,3001538519,LONG BRANCH 002,687224,2/1/2018,72,72,0,0,0,0,0,0,0,0,0,0,0,0,0,0,0,0,0,0,0,1355,8131,1324,187,76120,0,REPORTED,,,,,,,,,,,,1
840300001068567,8.40301E+14,30-015-38519,3001538519,LONG BRANCH 002,687224,3/1/2018,73,73,0,0,0,0,0,0,0,0,0,0,0,0,0,0,0,0,0,0,0,1355,8131,1324,187,76120,0,REPORTED,,,,,,,,,,,,1
840300001068567,8.40301E+14,30-015-38519,3001538519,LONG BRANCH 002,687224,4/1/2018,74,74,0,0,0,0,0,0,0,0,0,0,0,0,0,0,0,0,0,0,0,1355,8131,1324,187,76120,0,REPORTED,,,,,,,,,,,,1
840300001068567,8.40301E+14,30-015-38519,3001538519,LONG BRANCH 002,687224,5/1/2018,75,75,9,16,96,16,0,0,0,1,3,1,0,0,0,2,11,2,0,0,0,1371,8227,1340,187,76120,0,REPORTED,MARATHON OIL PERMIAN LLC,,,,,,,,,,,1
840300001068567,8.40301E+14,30-015-38519,3001538519,LONG BRANCH 002,687224,6/1/2018,76,76,0,0,0,0,0,0,0,0,0,0,0,0,0,0,0,0,0,0,0,1371,8227,1340,187,76120,0,REPORTED,,,,,,,,,,,,1
840300001068567,8.40301E+14,30-015-38519,3001538519,LONG BRANCH 002,687224,7/1/2018,77,77,0,0,0,0,0,0,0,0,0,0,0,0,0,0,0,0,0,0,0,1371,8227,1340,187,76120,0,REPORTED,,,,,,,,,,,,1
840300001068567,8.40301E+14,30-015-38519,3001538519,LONG BRANCH 002,687224,8/1/2018,78,78,0,0,0,0,0,0,0,0,0,0,0,0,0,0,0,0,0,0,0,1371,8227,1340,187,76120,0,REPORTED,,,,,,,,,,,,1
840300001068567,8.40301E+14,30-015-38519,3001538519,LONG BRANCH 002,687224,9/1/2018,79,79,0,0,0,0,0,0,0,0,0,0,0,0,0,0,0,0,0,0,0,1371,8227,1340,187,76120,0,REPORTED,,,,,,,,,,,,1
840300001068567,8.40301E+14,30-015-38519,3001538519,LONG BRANCH 002,687224,10/1/2018,80,80,0,0,0,0,0,0,0,0,0,0,0,0,0,0,0,0,0,0,0,1371,8227,1340,187,76120,0,REPORTED,,,,,,,,,,,,1
840300001068567,8.40301E+14,30-015-38519,3001538519,LONG BRANCH 002,687224,11/1/2018,81,81,1,58,348,58,0,0,0,2,12,2,0,0,0,58,348,58,0,0,0,1429,8575,1398,187,76120,0,REPORTED,MARATHON OIL PERMIAN LLC,,,,,,,,,,,1
840300001065121,8.40301E+14,30-015-34898,3001534898,LAKE WOOD 15 006,2132105,9/1/2006,1,1,20,391,2348,294,584,0,0,13,78,10,19,0,0,20,117,15,29,0,0,391,2348,294,584,0,0,REPORTED,POGO PRODUCING CO,,,,,,,,,,,1
840300001065121,8.40301E+14,30-015-34898,3001534898,LAKE WOOD 15 006,2132105,10/1/2006,2,2,31,146,876,130,96,0,0,5,28,4,3,0,0,5,28,4,3,0,0,537,3224,424,680,0,0,REPORTED,POGO PRODUCING CO,,,,,,,,,,,1
840300001065121,8.40301E+14,30-015-34898,3001534898,LAKE WOOD 15 006,2132105,11/1/2006,3,3,30,165,987,164,3,0,0,5,33,5,0,0,0,5,33,5,0,0,0,702,4211,588,683,0,0,REPORTED,POGO PRODUCING CO,,,,,,,,,,,1
840300001065121,8.40301E+14,30-015-34898,3001534898,LAKE WOOD 15 006,2132105,12/1/2006,4,4,31,96,576,94,12,0,0,3,19,3,0,0,0,3,19,3,0,0,0,798,4787,682,695,0,0,REPORTED,POGO PRODUCING CO,,,,,,,,,,,1
840300001065121,8.40301E+14,30-015-34898,3001534898,LAKE WOOD 15 006,2132105,1/1/2007,5,5,31,62,371,61,5,0,0,2,12,2,0,0,0,2,12,2,0,0,0,860,5158,743,700,0,0,REPORTED,POGO PRODUCING CO,,,,,,,,,,,1
840300001065121,8.40301E+14,30-015-34898,3001534898,LAKE WOOD 15 006,2132105,2/1/2007,6,6,28,26,154,25,4,0,0,1,6,1,0,0,0,1,6,1,0,0,0,885,5312,768,704,0,0,REPORTED,POGO PRODUCING CO,,,,,,,,,,,1
840300001065121,8.40301E+14,30-015-34898,3001534898,LAKE WOOD 15 006,2132105,3/1/2007,7,7,0,0,0,0,0,0,0,0,0,0,0,0,0,0,0,0,0,0,0,885,5312,768,704,0,0,REPORTED,,,,,,,,,,,,1
840300001065121,8.40301E+14,30-015-34898,3001534898,LAKE WOOD 15 006,2132105,4/1/2007,8,8,7,3,18,3,0,0,0,0,1,0,0,0,0,0,3,0,0,0,0,888,5330,771,704,0,0,REPORTED,POGO PRODUCING CO,,,,,,,,,,,1
840300001065121,8.40301E+14,30-015-34898,3001534898,LAKE WOOD 15 006,2132105,5/1/2007,9,9,5,58,348,58,0,0,0,2,11,2,0,0,0,12,70,12,0,0,0,946,5678,829,704,0,0,REPORTED,POGO PRODUCING CO,,,,,,,,,,,1
840300001065121,8.40301E+14,30-015-34898,3001534898,LAKE WOOD 15 006,2132105,6/1/2007,10,10,9,19,114,13,36,0,0,1,4,0,1,0,0,2,13,1,4,0,0,965,5792,842,740,0,0,REPORTED,POGO PRODUCING CO,,,,,,,,,,,1
840300001065121,8.40301E+14,30-015-34898,3001534898,LAKE WOOD 15 006,2132105,7/1/2007,11,11,13,30,181,28,13,0,0,1,6,1,0,0,0,2,14,2,1,0,0,996,5973,870,753,0,0,REPORTED,POGO PRODUCING CO,,,,,,,,,,,1
840300001065121,8.40301E+14,30-015-34898,3001534898,LAKE WOOD 15 006,2132105,8/1/2007,12,12,14,39,235,34,31,0,0,1,8,1,1,0,0,3,17,2,2,0,0,1035,6208,904,784,0,0,REPORTED,POGO PRODUCING CO,,,,,,,,,,,1
840300001065121,8.40301E+14,30-015-34898,3001534898,LAKE WOOD 15 006,2132105,9/1/2007,13,13,17,36,216,36,0,0,0,1,7,1,0,0,0,2,13,2,0,0,0,1071,6424,940,784,0,0,REPORTED,POGO PRODUCING CO,,,,,,,,,,,1
840300001065121,8.40301E+14,30-015-34898,3001534898,LAKE WOOD 15 006,2132105,10/1/2007,14,14,13,15,90,15,0,0,0,0,3,0,0,0,0,1,7,1,0,0,0,1086,6514,955,784,0,0,REPORTED,POGO PRODUCING CO,,,,,,,,,,,1
840300001065121,8.40301E+14,30-015-34898,3001534898,LAKE WOOD 15 006,2132105,11/1/2007,15,15,30,90,541,54,217,0,0,3,18,2,7,0,0,3,18,2,7,0,0,1176,7055,1009,1001,0,0,REPORTED,POGO PRODUCING CO,,,,,,,,,,,1
840300001065121,8.40301E+14,30-015-34898,3001534898,LAKE WOOD 15 006,2132105,12/1/2007,16,16,31,28,168,28,0,0,0,1,5,1,0,0,0,1,5,1,0,0,0,1204,7223,1037,1001,0,0,REPORTED,POGO PRODUCING CO,,,,,,,,,,,1
840300001065121,8.40301E+14,30-015-34898,3001534898,LAKE WOOD 15 006,2132105,1/1/2008,17,17,9,8,48,4,24,0,0,0,2,0,1,0,0,1,5,0,3,0,0,1212,7271,1041,1025,0,0,REPORTED,POGO PRODUCING COMPANY LLC,,,,,,,,,,,1
840300001065121,8.40301E+14,30-015-34898,3001534898,LAKE WOOD 15 006,2132105,2/1/2008,18,18,29,1,4,0,4,0,0,0,0,0,0,0,0,0,0,0,0,0,0,1213,7275,1041,1029,0,0,REPORTED,POGO PRODUCING COMPANY LLC,,,,,,,,,,,1
840300001065121,8.40301E+14,30-015-34898,3001534898,LAKE WOOD 15 006,2132105,3/1/2008,19,19,30,0,0,0,0,372,0,0,0,0,0,12,0,0,0,0,0,12,0,1213,7275,1041,1029,372,0,REPORTED,OXY USA INC,,,,,,,,,,,1
840300001065121,8.40301E+14,30-015-34898,3001534898,LAKE WOOD 15 006,2132105,4/1/2008,20,20,0,0,0,0,0,0,0,0,0,0,0,0,0,0,0,0,0,0,0,1213,7275,1041,1029,372,0,REPORTED,,,,,,,,,,,,1
840300001065121,8.40301E+14,30-015-34898,3001534898,LAKE WOOD 15 006,2132105,5/1/2008,21,21,0,0,0,0,0,0,0,0,0,0,0,0,0,0,0,0,0,0,0,1213,7275,1041,1029,372,0,REPORTED,,,,,,,,,,,,1
840300001065121,8.40301E+14,30-015-34898,3001534898,LAKE WOOD 15 006,2132105,6/1/2008,22,22,6,35,207,28,39,246,0,1,7,1,1,8,0,6,35,5,7,41,0,1247,7482,1069,1068,618,0,REPORTED,OXY USA INC,,,,,,,,,,,1
840300001065121,8.40301E+14,30-015-34898,3001534898,LAKE WOOD 15 006,2132105,7/1/2008,23,23,0,0,0,0,0,0,0,0,0,0,0,0,0,0,0,0,0,0,0,1247,7482,1069,1068,618,0,REPORTED,,,,,,,,,,,,1
840300001065121,8.40301E+14,30-015-34898,3001534898,LAKE WOOD 15 006,2132105,8/1/2008,24,24,31,31,186,31,0,0,0,1,6,1,0,0,0,1,6,1,0,0,0,1278,7668,1100,1068,618,0,REPORTED,OXY USA INC,,,,,,,,,,,1
840300001065121,8.40301E+14,30-015-34898,3001534898,LAKE WOOD 15 006,2132105,9/1/2008,25,25,27,78,469,72,37,1188,0,3,16,2,1,40,0,3,17,3,1,44,0,1356,8137,1172,1105,1806,0,REPORTED,OXY USA INC,,,,,,,,,,,1
840300001065121,8.40301E+14,30-015-34898,3001534898,LAKE WOOD 15 006,2132105,10/1/2008,26,26,31,67,399,20,279,807,0,2,13,1,9,26,0,2,13,1,9,26,0,1423,8536,1192,1384,2613,0,REPORTED,OXY USA INC,,,,,,,,,,,1
840300001065121,8.40301E+14,30-015-34898,3001534898,LAKE WOOD 15 006,2132105,11/1/2008,27,27,15,12,69,0,69,207,0,0,2,0,2,7,0,1,5,0,5,14,0,1434,8605,1192,1453,2820,0,REPORTED,OXY USA INC,,,,,,,,,,,1
840300001065121,8.40301E+14,30-015-34898,3001534898,LAKE WOOD 15 006,2132105,12/1/2008,28,28,0,0,0,0,0,0,0,0,0,0,0,0,0,0,0,0,0,0,0,1434,8605,1192,1453,2820,0,REPORTED,,,,,,,,,,,,1
840300001065121,8.40301E+14,30-015-34898,3001534898,LAKE WOOD 15 006,2132105,1/1/2009,29,29,0,0,0,0,0,0,0,0,0,0,0,0,0,0,0,0,0,0,0,1434,8605,1192,1453,2820,0,REPORTED,,,,,,,,,,,,1
840300001065121,8.40301E+14,30-015-34898,3001534898,LAKE WOOD 15 006,2132105,2/1/2009,30,30,0,0,0,0,0,0,0,0,0,0,0,0,0,0,0,0,0,0,0,1434,8605,1192,1453,2820,0,REPORTED,,,,,,,,,,,,1
840300001065121,8.40301E+14,30-015-34898,3001534898,LAKE WOOD 15 006,2132105,3/1/2009,31,31,0,0,0,0,0,0,0,0,0,0,0,0,0,0,0,0,0,0,0,1434,8605,1192,1453,2820,0,REPORTED,,,,,,,,,,,,1
840300001065121,8.40301E+14,30-015-34898,3001534898,LAKE WOOD 15 006,2132105,4/1/2009,32,32,0,0,0,0,0,0,0,0,0,0,0,0,0,0,0,0,0,0,0,1434,8605,1192,1453,2820,0,REPORTED,,,,,,,,,,,,1
840300001065121,8.40301E+14,30-015-34898,3001534898,LAKE WOOD 15 006,2132105,5/1/2009,33,33,0,0,0,0,0,0,0,0,0,0,0,0,0,0,0,0,0,0,0,1434,8605,1192,1453,2820,0,REPORTED,,,,,,,,,,,,1
840300001065121,8.40301E+14,30-015-34898,3001534898,LAKE WOOD 15 006,2132105,6/1/2009,34,34,0,0,0,0,0,0,0,0,0,0,0,0,0,0,0,0,0,0,0,1434,8605,1192,1453,2820,0,REPORTED,,,,,,,,,,,,1
840300001065121,8.40301E+14,30-015-34898,3001534898,LAKE WOOD 15 006,2132105,7/1/2009,35,35,0,0,0,0,0,0,0,0,0,0,0,0,0,0,0,0,0,0,0,1434,8605,1192,1453,2820,0,REPORTED,,,,,,,,,,,,1
840300001065121,8.40301E+14,30-015-34898,3001534898,LAKE WOOD 15 006,2132105,8/1/2009,36,36,26,2,10,0,10,615,0,0,0,0,0,20,0,0,0,0,0,24,0,1436,8615,1192,1463,3435,0,REPORTED,OXY USA INC,,,,,,,,,,,1
840300001065121,8.40301E+14,30-015-34898,3001534898,LAKE WOOD 15 006,2132105,9/1/2009,37,37,30,16,97,0,97,0,0,1,3,0,3,0,0,1,3,0,3,0,0,1452,8712,1192,1560,3435,0,REPORTED,OXY USA INC,,,,,,,,,,,1
840300001065121,8.40301E+14,30-015-34898,3001534898,LAKE WOOD 15 006,2132105,10/1/2009,38,38,31,24,146,0,146,0,0,1,5,0,5,0,0,1,5,0,5,0,0,1476,8858,1192,1706,3435,0,REPORTED,OXY USA INC,,,,,,,,,,,1
840300001065121,8.40301E+14,30-015-34898,3001534898,LAKE WOOD 15 006,2132105,11/1/2009,39,39,30,28,169,0,169,0,0,1,6,0,6,0,0,1,6,0,6,0,0,1505,9027,1192,1875,3435,0,REPORTED,OXY USA INC,,,,,,,,,,,1
840300001065121,8.40301E+14,30-015-34898,3001534898,LAKE WOOD 15 006,2132105,12/1/2009,40,40,31,27,164,0,164,806,0,1,5,0,5,26,0,1,5,0,5,26,0,1532,9191,1192,2039,4241,0,REPORTED,OXY USA INC,,,,,,,,,,,1
840300001065121,8.40301E+14,30-015-34898,3001534898,LAKE WOOD 15 006,2132105,1/1/2010,41,41,17,28,167,0,167,442,0,1,5,0,5,14,0,2,10,0,10,26,0,1560,9358,1192,2206,4683,0,REPORTED,OXY USA INC,,,,,,,,,,,1
840300001065121,8.40301E+14,30-015-34898,3001534898,LAKE WOOD 15 006,2132105,2/1/2010,42,42,28,35,211,0,211,0,0,1,8,0,8,0,0,1,8,0,8,0,0,1595,9569,1192,2417,4683,0,REPORTED,OXY USA INC,,,,,,,,,,,1
840300001065121,8.40301E+14,30-015-34898,3001534898,LAKE WOOD 15 006,2132105,3/1/2010,43,43,31,38,227,0,227,0,0,1,7,0,7,0,0,1,7,0,7,0,0,1633,9796,1192,2644,4683,0,REPORTED,OXY USA INC,,,,,,,,,,,1
840300001065121,8.40301E+14,30-015-34898,3001534898,LAKE WOOD 15 006,2132105,4/1/2010,44,44,30,16,98,0,98,0,0,1,3,0,3,0,0,1,3,0,3,0,0,1649,9894,1192,2742,4683,0,REPORTED,OXY USA INC,,,,,,,,,,,1
840300001065121,8.40301E+14,30-015-34898,3001534898,LAKE WOOD 15 006,2132105,5/1/2010,45,45,31,22,129,0,129,0,0,1,4,0,4,0,0,1,4,0,4,0,0,1671,10023,1192,2871,4683,0,REPORTED,OXY USA INC,,,,,,,,,,,1
840300001065121,8.40301E+14,30-015-34898,3001534898,LAKE WOOD 15 006,2132105,6/1/2010,46,46,30,31,185,0,185,0,0,1,6,0,6,0,0,1,6,0,6,0,0,1701,10208,1192,3056,4683,0,REPORTED,OXY USA INC,,,,,,,,,,,1
840300001065121,8.40301E+14,30-015-34898,3001534898,LAKE WOOD 15 006,2132105,7/1/2010,47,47,15,19,114,0,114,117,0,1,4,0,4,4,0,1,8,0,8,8,0,1720,10322,1192,3170,4800,0,REPORTED,OXY USA INC,,,,,,,,,,,1
840300001065121,8.40301E+14,30-015-34898,3001534898,LAKE WOOD 15 006,2132105,8/1/2010,48,48,31,23,137,0,137,189,0,1,4,0,4,6,0,1,4,0,4,6,0,1743,10459,1192,3307,4989,0,REPORTED,OXY USA INC,,,,,,,,,,,1
840300001065121,8.40301E+14,30-015-34898,3001534898,LAKE WOOD 15 006,2132105,9/1/2010,49,49,30,18,106,0,106,0,0,1,4,0,4,0,0,1,4,0,4,0,0,1761,10565,1192,3413,4989,0,REPORTED,OXY USA INC,,,,,,,,,,,1
840300001065121,8.40301E+14,30-015-34898,3001534898,LAKE WOOD 15 006,2132105,10/1/2010,50,50,31,13,78,0,78,0,0,0,3,0,3,0,0,0,3,0,3,0,0,1774,10643,1192,3491,4989,0,REPORTED,OXY USA INC,,,,,,,,,,,1
840300001065121,8.40301E+14,30-015-34898,3001534898,LAKE WOOD 15 006,2132105,11/1/2010,51,51,30,5,28,0,28,0,0,0,1,0,1,0,0,0,1,0,1,0,0,1779,10671,1192,3519,4989,0,REPORTED,OXY USA INC,,,,,,,,,,,1
840300001065121,8.40301E+14,30-015-34898,3001534898,LAKE WOOD 15 006,2132105,12/1/2010,52,52,31,2,10,0,10,0,0,0,0,0,0,0,0,0,0,0,0,0,0,1780,10681,1192,3529,4989,0,REPORTED,OXY USA INC,,,,,,,,,,,1
840300001065900,8.40301E+14,30-015-35687,3001535687,LAKEWOOD 21-1 001,2591095,10/1/2007,1,1,13,6079,36473,66,36077,104,0,196,1177,2,1164,3,0,468,2806,5,2775,8,0,6079,36473,66,36077,104,0,REPORTED,"RUBICON OIL & GAS, LLC",,,,,,,,,,,1
840300001065900,8.40301E+14,30-015-35687,3001535687,LAKEWOOD 21-1 001,2591095,11/1/2007,2,2,30,13500,81000,139,80166,162,0,450,2700,5,2672,5,0,450,2700,5,2672,5,0,19579,117473,205,116243,266,0,REPORTED,"RUBICON OIL & GAS, LLC",,,,,,,,,,,1
840300001065900,8.40301E+14,30-015-35687,3001535687,LAKEWOOD 21-1 001,2591095,12/1/2007,3,3,31,18797,112780,162,111808,159,0,606,3638,5,3607,5,0,606,3638,5,3607,5,0,38376,230253,367,228051,425,0,REPORTED,"RUBICON OIL & GAS, LLC",,,,,,,,,,,1
840300001065900,8.40301E+14,30-015-35687,3001535687,LAKEWOOD 21-1 001,2591095,1/1/2008,4,4,30,16126,96756,159,95802,169,0,520,3121,5,3090,5,0,538,3225,5,3193,6,0,54502,327009,526,323853,594,0,REPORTED,"RUBICON OIL & GAS, LLC",,,,,,,,,,,1
840300001065900,8.40301E+14,30-015-35687,3001535687,LAKEWOOD 21-1 001,2591095,2/1/2008,5,5,29,13042,78254,119,77540,168,0,450,2698,4,2674,6,0,450,2698,4,2674,6,0,67544,405263,645,401393,762,0,REPORTED,"RUBICON OIL & GAS, LLC",,,,,,,,,,,1
840300001065900,8.40301E+14,30-015-35687,3001535687,LAKEWOOD 21-1 001,2591095,3/1/2008,6,6,31,9889,59334,71,58908,128,0,319,1914,2,1900,4,0,319,1914,2,1900,4,0,77433,464597,716,460301,890,0,REPORTED,"RUBICON OIL & GAS, LLC",,,,,,,,,,,1
840300001065900,8.40301E+14,30-015-35687,3001535687,LAKEWOOD 21-1 001,2591095,4/1/2008,7,7,30,7737,46419,74,45975,84,0,258,1547,2,1533,3,0,258,1547,2,1533,3,0,85169,511016,790,506276,974,0,REPORTED,"RUBICON OIL & GAS, LLC",,,,,,,,,,,1
840300001065900,8.40301E+14,30-015-35687,3001535687,LAKEWOOD 21-1 001,2591095,5/1/2008,8,8,31,5793,34757,38,34529,93,0,187,1121,1,1114,3,0,187,1121,1,1114,3,0,90962,545773,828,540805,1067,0,REPORTED,"RUBICON OIL & GAS, LLC",,,,,,,,,,,1
840300001065900,8.40301E+14,30-015-35687,3001535687,LAKEWOOD 21-1 001,2591095,6/1/2008,9,9,30,5144,30862,27,30700,93,0,171,1029,1,1023,3,0,171,1029,1,1023,3,0,96106,576635,855,571505,1160,0,REPORTED,"RUBICON OIL & GAS, LLC",,,,,,,,,,,1
840300001065900,8.40301E+14,30-015-35687,3001535687,LAKEWOOD 21-1 001,2591095,7/1/2008,10,10,31,3958,23745,3,23727,57,0,128,766,0,765,2,0,128,766,0,765,2,0,100063,600380,858,595232,1217,0,REPORTED,"RUBICON OIL & GAS, LLC",,,,,,,,,,,1
840300001065900,8.40301E+14,30-015-35687,3001535687,LAKEWOOD 21-1 001,2591095,8/1/2008,11,11,31,6092,36549,25,36399,126,0,197,1179,1,1174,4,0,197,1179,1,1174,4,0,106155,636929,883,631631,1343,0,REPORTED,"RUBICON OIL & GAS, LLC",,,,,,,,,,,1
840300001065900,8.40301E+14,30-015-35687,3001535687,LAKEWOOD 21-1 001,2591095,9/1/2008,12,12,30,4452,26709,0,26709,92,0,148,890,0,890,3,0,148,890,0,890,3,0,110606,663638,883,658340,1435,0,REPORTED,"RUBICON OIL & GAS, LLC",,,,,,,,,,,1
840300001065900,8.40301E+14,30-015-35687,3001535687,LAKEWOOD 21-1 001,2591095,10/1/2008,13,13,31,3770,22617,23,22479,56,0,122,730,1,725,2,0,122,730,1,725,2,0,114376,686255,906,680819,1491,0,REPORTED,"RUBICON OIL & GAS, LLC",,,,,,,,,,,1
840300001065900,8.40301E+14,30-015-35687,3001535687,LAKEWOOD 21-1 001,2591095,11/1/2008,14,14,30,3561,21368,2,21356,100,0,119,712,0,712,3,0,119,712,0,712,3,0,117937,707623,908,702175,1591,0,REPORTED,"RUBICON OIL & GAS, LLC",,,,,,,,,,,1
840300001065900,8.40301E+14,30-015-35687,3001535687,LAKEWOOD 21-1 001,2591095,12/1/2008,15,15,31,3144,18865,0,18865,87,0,101,609,0,609,3,0,101,609,0,609,3,0,121081,726488,908,721040,1678,0,REPORTED,"RUBICON OIL & GAS, LLC",,,,,,,,,,,1
840300001065900,8.40301E+14,30-015-35687,3001535687,LAKEWOOD 21-1 001,2591095,1/1/2009,16,16,31,2306,13833,0,13833,21,0,74,446,0,446,1,0,74,446,0,446,1,0,123387,740321,908,734873,1699,0,REPORTED,"RUBICON OIL & GAS, LLC",,,,,,,,,,,1
840300001065900,8.40301E+14,30-015-35687,3001535687,LAKEWOOD 21-1 001,2591095,2/1/2009,17,17,28,2725,16349,1,16343,65,0,97,584,0,584,2,0,97,584,0,584,2,0,126112,756670,909,751216,1764,0,REPORTED,"RUBICON OIL & GAS, LLC",,,,,,,,,,,1
840300001065900,8.40301E+14,30-015-35687,3001535687,LAKEWOOD 21-1 001,2591095,3/1/2009,18,18,31,2693,16157,11,16091,84,0,87,521,0,519,3,0,87,521,0,519,3,0,128805,772827,920,767307,1848,0,REPORTED,"RUBICON OIL & GAS, LLC",,,,,,,,,,,1
840300001065900,8.40301E+14,30-015-35687,3001535687,LAKEWOOD 21-1 001,2591095,4/1/2009,19,19,30,2412,14472,20,14352,48,0,80,482,1,478,2,0,80,482,1,478,2,0,131217,787299,940,781659,1896,0,REPORTED,"RUBICON OIL & GAS, LLC",,,,,,,,,,,1
840300001065900,8.40301E+14,30-015-35687,3001535687,LAKEWOOD 21-1 001,2591095,5/1/2009,20,20,31,2288,13729,12,13657,40,0,74,443,0,441,1,0,74,443,0,441,1,0,133505,801028,952,795316,1936,0,REPORTED,"RUBICON OIL & GAS, LLC",,,,,,,,,,,1
840300001065900,8.40301E+14,30-015-35687,3001535687,LAKEWOOD 21-1 001,2591095,6/1/2009,21,21,30,2068,12407,4,12383,52,0,69,414,0,413,2,0,69,414,0,413,2,0,135573,813435,956,807699,1988,0,REPORTED,"RUBICON OIL & GAS, LLC",,,,,,,,,,,1
840300001065900,8.40301E+14,30-015-35687,3001535687,LAKEWOOD 21-1 001,2591095,7/1/2009,22,22,30,1803,10818,0,10818,31,0,58,349,0,349,1,0,60,361,0,361,1,0,137376,824253,956,818517,2019,0,REPORTED,"RUBICON OIL & GAS, LLC",,,,,,,,,,,1
840300001065900,8.40301E+14,30-015-35687,3001535687,LAKEWOOD 21-1 001,2591095,8/1/2009,23,23,31,1993,11955,0,11955,51,0,64,386,0,386,2,0,64,386,0,386,2,0,139368,836208,956,830472,2070,0,REPORTED,"RUBICON OIL & GAS, LLC",,,,,,,,,,,1
840300001065900,8.40301E+14,30-015-35687,3001535687,LAKEWOOD 21-1 001,2591095,9/1/2009,24,24,30,1695,10170,4,10146,35,0,57,339,0,338,1,0,57,339,0,338,1,0,141063,846378,960,840618,2105,0,REPORTED,"RUBICON OIL & GAS, LLC",,,,,,,,,,,1
840300001065900,8.40301E+14,30-015-35687,3001535687,LAKEWOOD 21-1 001,2591095,10/1/2009,25,25,30,2285,13710,0,13710,40,0,74,442,0,442,1,0,76,457,0,457,1,0,143348,860088,960,854328,2145,0,REPORTED,"RUBICON OIL & GAS, LLC",,,,,,,,,,,1
840300001065900,8.40301E+14,30-015-35687,3001535687,LAKEWOOD 21-1 001,2591095,11/1/2009,26,26,30,2269,13613,0,13613,34,0,76,454,0,454,1,0,76,454,0,454,1,0,145617,873701,960,867941,2179,0,REPORTED,"RUBICON OIL & GAS, LLC",,,,,,,,,,,1
840300001065900,8.40301E+14,30-015-35687,3001535687,LAKEWOOD 21-1 001,2591095,12/1/2009,27,27,31,2256,13536,0,13536,26,0,73,437,0,437,1,0,73,437,0,437,1,0,147873,887237,960,881477,2205,0,REPORTED,"RUBICON OIL & GAS, LLC",,,,,,,,,,,1
840300001065900,8.40301E+14,30-015-35687,3001535687,LAKEWOOD 21-1 001,2591095,1/1/2010,28,28,31,1567,9401,0,9401,29,0,51,303,0,303,1,0,51,303,0,303,1,0,149440,896638,960,890878,2234,0,REPORTED,"RUBICON OIL & GAS, LLC",,,,,,,,,,,1
840300001065900,8.40301E+14,30-015-35687,3001535687,LAKEWOOD 21-1 001,2591095,2/1/2010,29,29,28,1593,9560,0,9560,35,0,57,341,0,341,1,0,57,341,0,341,1,0,151033,906198,960,900438,2269,0,REPORTED,"RUBICON OIL & GAS, LLC",,,,,,,,,,,1
840300001065900,8.40301E+14,30-015-35687,3001535687,LAKEWOOD 21-1 001,2591095,3/1/2010,30,30,31,1838,11030,0,11030,29,0,59,356,0,356,1,0,59,356,0,356,1,0,152871,917228,960,911468,2298,0,REPORTED,"RUBICON OIL & GAS, LLC",,,,,,,,,,,1
840300001065900,8.40301E+14,30-015-35687,3001535687,LAKEWOOD 21-1 001,2591095,4/1/2010,31,31,30,2093,12555,0,12555,32,0,70,419,0,419,1,0,70,419,0,419,1,0,154964,929783,960,924023,2330,0,REPORTED,"RUBICON OIL & GAS, LLC",,,,,,,,,,,1
840300001065900,8.40301E+14,30-015-35687,3001535687,LAKEWOOD 21-1 001,2591095,5/1/2010,32,32,31,1729,10375,0,10375,47,0,56,335,0,335,2,0,56,335,0,335,2,0,156693,940158,960,934398,2377,0,REPORTED,"RUBICON OIL & GAS, LLC",,,,,,,,,,,1
840300001065900,8.40301E+14,30-015-35687,3001535687,LAKEWOOD 21-1 001,2591095,6/1/2010,33,33,30,1324,7946,0,7946,52,0,44,265,0,265,2,0,44,265,0,265,2,0,158017,948104,960,942344,2429,0,REPORTED,"RUBICON OIL & GAS, LLC",,,,,,,,,,,1
840300001065900,8.40301E+14,30-015-35687,3001535687,LAKEWOOD 21-1 001,2591095,7/1/2010,34,34,30,1086,6516,0,6516,24,0,35,210,0,210,1,0,36,217,0,217,1,0,159103,954620,960,948860,2453,0,REPORTED,"RUBICON OIL & GAS, LLC",,,,,,,,,,,1
840300001065900,8.40301E+14,30-015-35687,3001535687,LAKEWOOD 21-1 001,2591095,8/1/2010,35,35,31,1159,6951,0,6951,53,0,37,224,0,224,2,0,37,224,0,224,2,0,160262,961571,960,955811,2506,0,REPORTED,"RUBICON OIL & GAS, LLC",,,,,,,,,,,1
840300001065900,8.40301E+14,30-015-35687,3001535687,LAKEWOOD 21-1 001,2591095,9/1/2010,36,36,30,916,5498,0,5498,22,0,31,183,0,183,1,0,31,183,0,183,1,0,161178,967069,960,961309,2528,0,REPORTED,"RUBICON OIL & GAS, LLC",,,,,,,,,,,1
840300001065900,8.40301E+14,30-015-35687,3001535687,LAKEWOOD 21-1 001,2591095,10/1/2010,37,37,31,1131,6786,0,6786,18,0,36,219,0,219,1,0,36,219,0,219,1,0,162309,973855,960,968095,2546,0,REPORTED,"RUBICON OIL & GAS, LLC",,,,,,,,,,,1
840300001065900,8.40301E+14,30-015-35687,3001535687,LAKEWOOD 21-1 001,2591095,11/1/2010,38,38,30,1092,6550,0,6550,28,0,36,218,0,218,1,0,36,218,0,218,1,0,163401,980405,960,974645,2574,0,REPORTED,"RUBICON OIL & GAS, LLC",,,,,,,,,,,1
840300001065900,8.40301E+14,30-015-35687,3001535687,LAKEWOOD 21-1 001,2591095,12/1/2010,39,39,31,1041,6248,0,6248,0,0,34,202,0,202,0,0,34,202,0,202,0,0,164442,986653,960,980893,2574,0,REPORTED,"RUBICON OIL & GAS, LLC",,,,,,,,,,,1
840300001065900,8.40301E+14,30-015-35687,3001535687,LAKEWOOD 21-1 001,2591095,1/1/2011,40,40,31,1455,8730,0,8730,38,0,47,282,0,282,1,0,47,282,0,282,1,0,165897,995383,960,989623,2612,0,REPORTED,"RUBICON OIL & GAS, LLC",,,,,,,,,,,1
840300001065900,8.40301E+14,30-015-35687,3001535687,LAKEWOOD 21-1 001,2591095,2/1/2011,41,41,28,947,5680,29,5506,48,0,34,203,1,197,2,0,34,203,1,197,2,0,166844,1001063,989,995129,2660,0,REPORTED,"RUBICON OIL & GAS, LLC",,,,,,,,,,,1
840300001065900,8.40301E+14,30-015-35687,3001535687,LAKEWOOD 21-1 001,2591095,3/1/2011,42,42,31,907,5444,1,5438,12,0,29,176,0,175,0,0,29,176,0,175,0,0,167751,1006507,990,1000567,2672,0,REPORTED,"RUBICON OIL & GAS, LLC",,,,,,,,,,,1
840300001065900,8.40301E+14,30-015-35687,3001535687,LAKEWOOD 21-1 001,2591095,4/1/2011,43,43,30,981,5887,0,5887,1,0,33,196,0,196,0,0,33,196,0,196,0,0,168732,1012394,990,1006454,2673,0,REPORTED,"RUBICON OIL & GAS, LLC",,,,,,,,,,,1
840300001065900,8.40301E+14,30-015-35687,3001535687,LAKEWOOD 21-1 001,2591095,5/1/2011,44,44,31,973,5837,0,5837,5,0,31,188,0,188,0,0,31,188,0,188,0,0,169705,1018231,990,1012291,2678,0,REPORTED,"RUBICON OIL & GAS, LLC",,,,,,,,,,,1
840300001065900,8.40301E+14,30-015-35687,3001535687,LAKEWOOD 21-1 001,2591095,6/1/2011,45,45,30,935,5612,0,5612,12,0,31,187,0,187,0,0,31,187,0,187,0,0,170641,1023843,990,1017903,2690,0,REPORTED,"RUBICON OIL & GAS, LLC",,,,,,,,,,,1
840300001065900,8.40301E+14,30-015-35687,3001535687,LAKEWOOD 21-1 001,2591095,7/1/2011,46,46,31,866,5195,0,5195,14,0,28,168,0,168,0,0,28,168,0,168,0,0,171506,1029038,990,1023098,2704,0,REPORTED,"RUBICON OIL & GAS, LLC",,,,,,,,,,,1
840300001065900,8.40301E+14,30-015-35687,3001535687,LAKEWOOD 21-1 001,2591095,8/1/2011,47,47,31,894,5366,0,5366,9,0,29,173,0,173,0,0,29,173,0,173,0,0,172401,1034404,990,1028464,2713,0,REPORTED,"RUBICON OIL & GAS, LLC",,,,,,,,,,,1
840300001065900,8.40301E+14,30-015-35687,3001535687,LAKEWOOD 21-1 001,2591095,9/1/2011,48,48,30,685,4110,0,4110,45,0,23,137,0,137,2,0,23,137,0,137,2,0,173086,1038514,990,1032574,2758,0,REPORTED,"RUBICON OIL & GAS, LLC",,,,,,,,,,,1
840300001065900,8.40301E+14,30-015-35687,3001535687,LAKEWOOD 21-1 001,2591095,10/1/2011,49,49,31,758,4548,0,4548,44,0,24,147,0,147,1,0,24,147,0,147,1,0,173844,1043062,990,1037122,2802,0,REPORTED,"RUBICON OIL & GAS, LLC",,,,,,,,,,,1
840300001065900,8.40301E+14,30-015-35687,3001535687,LAKEWOOD 21-1 001,2591095,11/1/2011,50,50,30,714,4283,0,4283,18,0,24,143,0,143,1,0,24,143,0,143,1,0,174558,1047345,990,1041405,2820,0,REPORTED,"RUBICON OIL & GAS, LLC",,,,,,,,,,,1
840300001065900,8.40301E+14,30-015-35687,3001535687,LAKEWOOD 21-1 001,2591095,12/1/2011,51,51,31,603,3620,0,3620,14,0,19,117,0,117,0,0,19,117,0,117,0,0,175161,1050965,990,1045025,2834,0,REPORTED,"RUBICON OIL & GAS, LLC",,,,,,,,,,,1
840300001065900,8.40301E+14,30-015-35687,3001535687,LAKEWOOD 21-1 001,2591095,1/1/2012,52,52,31,734,4401,0,4401,28,0,24,142,0,142,1,0,24,142,0,142,1,0,175894,1055366,990,1049426,2862,0,REPORTED,"RUBICON OIL & GAS, LLC",,,,,,,,,,,1
840300001065900,8.40301E+14,30-015-35687,3001535687,LAKEWOOD 21-1 001,2591095,2/1/2012,53,53,29,572,3432,0,3432,21,0,20,118,0,118,1,0,20,118,0,118,1,0,176466,1058798,990,1052858,2883,0,REPORTED,"RUBICON OIL & GAS, LLC",,,,,,,,,,,1
840300001065900,8.40301E+14,30-015-35687,3001535687,LAKEWOOD 21-1 001,2591095,3/1/2012,54,54,31,761,4568,0,4568,42,0,25,147,0,147,1,0,25,147,0,147,1,0,177228,1063366,990,1057426,2925,0,REPORTED,"RUBICON OIL & GAS, LLC",,,,,,,,,,,1
840300001065900,8.40301E+14,30-015-35687,3001535687,LAKEWOOD 21-1 001,2591095,4/1/2012,55,55,30,772,4634,0,4634,43,0,26,154,0,154,1,0,26,154,0,154,1,0,178000,1068000,990,1062060,2968,0,REPORTED,"RUBICON OIL & GAS, LLC",,,,,,,,,,,1
840300001065900,8.40301E+14,30-015-35687,3001535687,LAKEWOOD 21-1 001,2591095,5/1/2012,56,56,31,675,4048,0,4048,37,0,22,131,0,131,1,0,22,131,0,131,1,0,178675,1072048,990,1066108,3005,0,REPORTED,"RUBICON OIL & GAS, LLC",,,,,,,,,,,1
840300001065900,8.40301E+14,30-015-35687,3001535687,LAKEWOOD 21-1 001,2591095,6/1/2012,57,57,29,579,3474,0,3474,36,0,19,116,0,116,1,0,20,120,0,120,1,0,179254,1075522,990,1069582,3041,0,REPORTED,"RUBICON OIL & GAS, LLC",,,,,,,,,,,1
840300001065900,8.40301E+14,30-015-35687,3001535687,LAKEWOOD 21-1 001,2591095,7/1/2012,58,58,31,645,3869,0,3869,18,0,21,125,0,125,1,0,21,125,0,125,1,0,179899,1079391,990,1073451,3059,0,REPORTED,"RUBICON OIL & GAS, LLC",,,,,,,,,,,1
840300001065900,8.40301E+14,30-015-35687,3001535687,LAKEWOOD 21-1 001,2591095,8/1/2012,59,59,30,618,3708,0,3708,16,0,20,120,0,120,1,0,21,124,0,124,1,0,180517,1083099,990,1077159,3075,0,REPORTED,"RUBICON OIL & GAS, LLC",,,,,,,,,,,1
840300001065900,8.40301E+14,30-015-35687,3001535687,LAKEWOOD 21-1 001,2591095,9/1/2012,60,60,29,442,2653,0,2653,12,0,15,88,0,88,0,0,15,91,0,91,0,0,180959,1085752,990,1079812,3087,0,REPORTED,"RUBICON OIL & GAS, LLC",,,,,,,,,,,1
840300001065900,8.40301E+14,30-015-35687,3001535687,LAKEWOOD 21-1 001,2591095,10/1/2012,61,61,31,613,3680,0,3680,19,0,20,119,0,119,1,0,20,119,0,119,1,0,181572,1089432,990,1083492,3106,0,REPORTED,"RUBICON OIL & GAS, LLC",,,,,,,,,,,1
840300001065900,8.40301E+14,30-015-35687,3001535687,LAKEWOOD 21-1 001,2591095,11/1/2012,62,62,30,476,2856,0,2856,14,0,16,95,0,95,0,0,16,95,0,95,0,0,182048,1092288,990,1086348,3120,0,REPORTED,"RUBICON OIL & GAS, LLC",,,,,,,,,,,1
840300001065900,8.40301E+14,30-015-35687,3001535687,LAKEWOOD 21-1 001,2591095,12/1/2012,63,63,31,505,3030,0,3030,4,0,16,98,0,98,0,0,16,98,0,98,0,0,182553,1095318,990,1089378,3124,0,REPORTED,"RUBICON OIL & GAS, LLC",,,,,,,,,,,1
840300001065900,8.40301E+14,30-015-35687,3001535687,LAKEWOOD 21-1 001,2591095,1/1/2013,64,64,31,521,3125,0,3125,10,0,17,101,0,101,0,0,17,101,0,101,0,0,183074,1098443,990,1092503,3134,0,REPORTED,"RUBICON OIL & GAS, LLC",,,,,,,,,,,1
840300001065900,8.40301E+14,30-015-35687,3001535687,LAKEWOOD 21-1 001,2591095,2/1/2013,65,65,28,423,2537,0,2537,6,0,15,91,0,91,0,0,15,91,0,91,0,0,183497,1100980,990,1095040,3140,0,REPORTED,"RUBICON OIL & GAS, LLC",,,,,,,,,,,1
840300001065900,8.40301E+14,30-015-35687,3001535687,LAKEWOOD 21-1 001,2591095,3/1/2013,66,66,30,371,2224,0,2224,10,0,12,72,0,72,0,0,12,74,0,74,0,0,183867,1103204,990,1097264,3150,0,REPORTED,"RUBICON OIL & GAS, LLC",,,,,,,,,,,1
840300001065900,8.40301E+14,30-015-35687,3001535687,LAKEWOOD 21-1 001,2591095,4/1/2013,67,67,30,235,1411,0,1411,2,0,8,47,0,47,0,0,8,47,0,47,0,0,184103,1104615,990,1098675,3152,0,REPORTED,"RUBICON OIL & GAS, LLC",,,,,,,,,,,1
840300001065900,8.40301E+14,30-015-35687,3001535687,LAKEWOOD 21-1 001,2591095,5/1/2013,68,68,31,238,1428,0,1428,0,0,8,46,0,46,0,0,8,46,0,46,0,0,184341,1106043,990,1100103,3152,0,REPORTED,"RUBICON OIL & GAS, LLC",,,,,,,,,,,1
840300001065900,8.40301E+14,30-015-35687,3001535687,LAKEWOOD 21-1 001,2591095,6/1/2013,69,69,30,228,1370,0,1370,0,0,8,46,0,46,0,0,8,46,0,46,0,0,184569,1107413,990,1101473,3152,0,REPORTED,"RUBICON OIL & GAS, LLC",,,,,,,,,,,1
840300001065900,8.40301E+14,30-015-35687,3001535687,LAKEWOOD 21-1 001,2591095,7/1/2013,70,70,31,328,1966,0,1966,0,0,11,63,0,63,0,0,11,63,0,63,0,0,184897,1109379,990,1103439,3152,0,REPORTED,"RUBICON OIL & GAS, LLC",,,,,,,,,,,1
840300001065900,8.40301E+14,30-015-35687,3001535687,LAKEWOOD 21-1 001,2591095,8/1/2013,71,71,31,267,1599,0,1599,0,0,9,52,0,52,0,0,9,52,0,52,0,0,185163,1110978,990,1105038,3152,0,REPORTED,"RUBICON OIL & GAS, LLC",,,,,,,,,,,1
840300001065900,8.40301E+14,30-015-35687,3001535687,LAKEWOOD 21-1 001,2591095,9/1/2013,72,72,20,240,1438,0,1438,0,0,8,48,0,48,0,0,12,72,0,72,0,0,185403,1112416,990,1106476,3152,0,REPORTED,"RUBICON OIL & GAS, LLC",,,,,,,,,,,1
840300001065900,8.40301E+14,30-015-35687,3001535687,LAKEWOOD 21-1 001,2591095,10/1/2013,73,73,31,305,1831,0,1831,0,0,10,59,0,59,0,0,10,59,0,59,0,0,185708,1114247,990,1108307,3152,0,REPORTED,"RUBICON OIL & GAS, LLC",,,,,,,,,,,1
840300001065900,8.40301E+14,30-015-35687,3001535687,LAKEWOOD 21-1 001,2591095,11/1/2013,74,74,29,226,1357,0,1357,0,0,8,45,0,45,0,0,8,47,0,47,0,0,185934,1115604,990,1109664,3152,0,REPORTED,"RUBICON OIL & GAS, LLC",,,,,,,,,,,1
840300001065900,8.40301E+14,30-015-35687,3001535687,LAKEWOOD 21-1 001,2591095,12/1/2013,75,75,31,178,1069,0,1069,0,0,6,34,0,34,0,0,6,34,0,34,0,0,186112,1116673,990,1110733,3152,0,REPORTED,"RUBICON OIL & GAS, LLC",,,,,,,,,,,1
840300001065900,8.40301E+14,30-015-35687,3001535687,LAKEWOOD 21-1 001,2591095,1/1/2014,76,76,31,150,898,0,898,0,0,5,29,0,29,0,0,5,29,0,29,0,0,186262,1117571,990,1111631,3152,0,REPORTED,"RUBICON OIL & GAS, LLC",,,,,,,,,,,1
840300001065900,8.40301E+14,30-015-35687,3001535687,LAKEWOOD 21-1 001,2591095,2/1/2014,77,77,28,171,1025,0,1025,0,0,6,37,0,37,0,0,6,37,0,37,0,0,186433,1118596,990,1112656,3152,0,REPORTED,"RUBICON OIL & GAS, LLC",,,,,,,,,,,1
840300001065900,8.40301E+14,30-015-35687,3001535687,LAKEWOOD 21-1 001,2591095,3/1/2014,78,78,28,195,1167,0,1167,2,0,6,38,0,38,0,0,7,42,0,42,0,0,186627,1119763,990,1113823,3154,0,REPORTED,"RUBICON OIL & GAS, LLC",,,,,,,,,,,1
840300001065900,8.40301E+14,30-015-35687,3001535687,LAKEWOOD 21-1 001,2591095,4/1/2014,79,79,30,252,1513,0,1513,0,0,8,50,0,50,0,0,8,50,0,50,0,0,186879,1121276,990,1115336,3154,0,REPORTED,"RUBICON OIL & GAS, LLC",,,,,,,,,,,1
840300001065900,8.40301E+14,30-015-35687,3001535687,LAKEWOOD 21-1 001,2591095,5/1/2014,80,80,31,252,1509,0,1509,0,0,8,49,0,49,0,0,8,49,0,49,0,0,187131,1122785,990,1116845,3154,0,REPORTED,"RUBICON OIL & GAS, LLC",,,,,,,,,,,1
840300001065900,8.40301E+14,30-015-35687,3001535687,LAKEWOOD 21-1 001,2591095,6/1/2014,81,81,30,300,1800,0,1800,0,0,10,60,0,60,0,0,10,60,0,60,0,0,187431,1124585,990,1118645,3154,0,REPORTED,"RUBICON OIL & GAS, LLC",,,,,,,,,,,1
840300001065900,8.40301E+14,30-015-35687,3001535687,LAKEWOOD 21-1 001,2591095,7/1/2014,82,82,31,275,1650,0,1650,0,0,9,53,0,53,0,0,9,53,0,53,0,0,187706,1126235,990,1120295,3154,0,REPORTED,"RUBICON OIL & GAS, LLC",,,,,,,,,,,1
840300001065900,8.40301E+14,30-015-35687,3001535687,LAKEWOOD 21-1 001,2591095,8/1/2014,83,83,31,275,1649,0,1649,0,0,9,53,0,53,0,0,9,53,0,53,0,0,187981,1127884,990,1121944,3154,0,REPORTED,"RUBICON OIL & GAS, LLC",,,,,,,,,,,1
840300001065900,8.40301E+14,30-015-35687,3001535687,LAKEWOOD 21-1 001,2591095,9/1/2014,84,84,24,189,1133,0,1133,0,0,6,38,0,38,0,0,8,47,0,47,0,0,188170,1129017,990,1123077,3154,0,REPORTED,"RUBICON OIL & GAS, LLC",,,,,,,,,,,1
840300001065900,8.40301E+14,30-015-35687,3001535687,LAKEWOOD 21-1 001,2591095,10/1/2014,85,85,31,322,1934,0,1934,0,0,10,62,0,62,0,0,10,62,0,62,0,0,188492,1130951,990,1125011,3154,0,REPORTED,"RUBICON OIL & GAS, LLC",,,,,,,,,,,1
840300001065900,8.40301E+14,30-015-35687,3001535687,LAKEWOOD 21-1 001,2591095,11/1/2014,86,86,28,255,1530,0,1530,0,0,9,51,0,51,0,0,9,55,0,55,0,0,188747,1132481,990,1126541,3154,0,REPORTED,"RUBICON OIL & GAS, LLC",,,,,,,,,,,1
840300001065900,8.40301E+14,30-015-35687,3001535687,LAKEWOOD 21-1 001,2591095,12/1/2014,87,87,30,232,1389,0,1389,0,0,7,45,0,45,0,0,8,46,0,46,0,0,188978,1133870,990,1127930,3154,0,REPORTED,"RUBICON OIL & GAS, LLC",,,,,,,,,,,1
840300001065900,8.40301E+14,30-015-35687,3001535687,LAKEWOOD 21-1 001,2591095,1/1/2015,88,88,26,256,1534,0,1534,0,0,8,49,0,49,0,0,10,59,0,59,0,0,189234,1135404,990,1129464,3154,0,REPORTED,"RUBICON OIL & GAS, LLC",,,,,,,,,,,1
840300001065900,8.40301E+14,30-015-35687,3001535687,LAKEWOOD 21-1 001,2591095,2/1/2015,89,89,28,234,1401,0,1401,2,0,8,50,0,50,0,0,8,50,0,50,0,0,189468,1136805,990,1130865,3156,0,REPORTED,"RUBICON OIL & GAS, LLC",,,,,,,,,,,1
840300001065900,8.40301E+14,30-015-35687,3001535687,LAKEWOOD 21-1 001,2591095,3/1/2015,90,90,31,259,1552,0,1552,1,0,8,50,0,50,0,0,8,50,0,50,0,0,189726,1138357,990,1132417,3157,0,REPORTED,"RUBICON OIL & GAS, LLC",,,,,,,,,,,1
840300001065900,8.40301E+14,30-015-35687,3001535687,LAKEWOOD 21-1 001,2591095,4/1/2015,91,91,30,254,1526,0,1526,0,0,8,51,0,51,0,0,8,51,0,51,0,0,189981,1139883,990,1133943,3157,0,REPORTED,"RUBICON OIL & GAS, LLC",,,,,,,,,,,1
840300001065900,8.40301E+14,30-015-35687,3001535687,LAKEWOOD 21-1 001,2591095,5/1/2015,92,92,31,242,1449,0,1449,0,0,8,47,0,47,0,0,8,47,0,47,0,0,190222,1141332,990,1135392,3157,0,REPORTED,"RUBICON OIL & GAS, LLC",,,,,,,,,,,1
840300001065900,8.40301E+14,30-015-35687,3001535687,LAKEWOOD 21-1 001,2591095,6/1/2015,93,93,30,244,1465,0,1465,0,0,8,49,0,49,0,0,8,49,0,49,0,0,190466,1142797,990,1136857,3157,0,REPORTED,"RUBICON OIL & GAS, LLC",,,,,,,,,,,1
840300001065900,8.40301E+14,30-015-35687,3001535687,LAKEWOOD 21-1 001,2591095,7/1/2015,94,94,31,244,1464,0,1464,0,0,8,47,0,47,0,0,8,47,0,47,0,0,190710,1144261,990,1138321,3157,0,REPORTED,"RUBICON OIL & GAS, LLC",,,,,,,,,,,1
840300001065900,8.40301E+14,30-015-35687,3001535687,LAKEWOOD 21-1 001,2591095,8/1/2015,95,95,31,252,1510,0,1510,0,0,8,49,0,49,0,0,8,49,0,49,0,0,190962,1145771,990,1139831,3157,0,REPORTED,"RUBICON OIL & GAS, LLC",,,,,,,,,,,1
840300001065900,8.40301E+14,30-015-35687,3001535687,LAKEWOOD 21-1 001,2591095,9/1/2015,96,96,30,246,1475,0,1475,0,0,8,49,0,49,0,0,8,49,0,49,0,0,191208,1147246,990,1141306,3157,0,REPORTED,"RUBICON OIL & GAS, LLC",,,,,,,,,,,1
840300001065900,8.40301E+14,30-015-35687,3001535687,LAKEWOOD 21-1 001,2591095,10/1/2015,97,97,30,239,1434,0,1434,0,0,8,46,0,46,0,0,8,48,0,48,0,0,191447,1148680,990,1142740,3157,0,REPORTED,"RUBICON OIL & GAS, LLC",,,,,,,,,,,1
840300001065900,8.40301E+14,30-015-35687,3001535687,LAKEWOOD 21-1 001,2591095,11/1/2015,98,98,28,233,1399,0,1399,0,0,8,47,0,47,0,0,8,50,0,50,0,0,191680,1150079,990,1144139,3157,0,REPORTED,"RUBICON OIL & GAS, LLC",,,,,,,,,,,1
840300001065900,8.40301E+14,30-015-35687,3001535687,LAKEWOOD 21-1 001,2591095,12/1/2015,99,99,23,194,1161,0,1161,1,0,6,37,0,37,0,0,8,50,0,50,0,0,191873,1151240,990,1145300,3158,0,REPORTED,"RUBICON OIL & GAS, LLC",,,,,,,,,,,1
840300001065900,8.40301E+14,30-015-35687,3001535687,LAKEWOOD 21-1 001,2591095,1/1/2016,100,100,23,198,1187,0,1187,5,0,6,38,0,38,0,0,9,52,0,52,0,0,192071,1152427,990,1146487,3163,0,REPORTED,"RUBICON OIL & GAS, LLC",,,,,,,,,,,1
840300001065900,8.40301E+14,30-015-35687,3001535687,LAKEWOOD 21-1 001,2591095,2/1/2016,101,101,29,207,1242,0,1242,16,0,7,43,0,43,1,0,7,43,0,43,1,0,192278,1153669,990,1147729,3179,0,REPORTED,"RUBICON OIL & GAS, LLC",,,,,,,,,,,1
840300001065900,8.40301E+14,30-015-35687,3001535687,LAKEWOOD 21-1 001,2591095,3/1/2016,102,102,31,209,1251,0,1251,5,0,7,40,0,40,0,0,7,40,0,40,0,0,192487,1154920,990,1148980,3184,0,REPORTED,"RUBICON OIL & GAS, LLC",,,,,,,,,,,1
840300001065900,8.40301E+14,30-015-35687,3001535687,LAKEWOOD 21-1 001,2591095,4/1/2016,103,103,30,183,1100,0,1100,1,0,6,37,0,37,0,0,6,37,0,37,0,0,192670,1156020,990,1150080,3185,0,REPORTED,"RUBICON OIL & GAS, LLC",,,,,,,,,,,1
840300001065900,8.40301E+14,30-015-35687,3001535687,LAKEWOOD 21-1 001,2591095,5/1/2016,104,104,31,177,1060,0,1060,0,0,6,34,0,34,0,0,6,34,0,34,0,0,192847,1157080,990,1151140,3185,0,REPORTED,"RUBICON OIL & GAS, LLC",,,,,,,,,,,1
840300001065900,8.40301E+14,30-015-35687,3001535687,LAKEWOOD 21-1 001,2591095,6/1/2016,105,105,30,160,961,0,961,0,0,5,32,0,32,0,0,5,32,0,32,0,0,193007,1158041,990,1152101,3185,0,REPORTED,"RUBICON OIL & GAS, LLC",,,,,,,,,,,1
840300001065900,8.40301E+14,30-015-35687,3001535687,LAKEWOOD 21-1 001,2591095,7/1/2016,106,106,31,161,965,0,965,0,0,5,31,0,31,0,0,5,31,0,31,0,0,193168,1159006,990,1153066,3185,0,REPORTED,"RUBICON OIL & GAS, LLC",,,,,,,,,,,1
840300001065900,8.40301E+14,30-015-35687,3001535687,LAKEWOOD 21-1 001,2591095,8/1/2016,107,107,31,180,1082,0,1082,0,0,6,35,0,35,0,0,6,35,0,35,0,0,193348,1160088,990,1154148,3185,0,REPORTED,"RUBICON OIL & GAS, LLC",,,,,,,,,,,1
840300001065900,8.40301E+14,30-015-35687,3001535687,LAKEWOOD 21-1 001,2591095,9/1/2016,108,108,30,181,1088,0,1088,0,0,6,36,0,36,0,0,6,36,0,36,0,0,193529,1161176,990,1155236,3185,0,REPORTED,"RUBICON OIL & GAS, LLC",,,,,,,,,,,1
840300001065900,8.40301E+14,30-015-35687,3001535687,LAKEWOOD 21-1 001,2591095,10/1/2016,109,109,31,190,1137,0,1137,0,0,6,37,0,37,0,0,6,37,0,37,0,0,193719,1162313,990,1156373,3185,0,REPORTED,"RUBICON OIL & GAS, LLC",,,,,,,,,,,1
840300001065900,8.40301E+14,30-015-35687,3001535687,LAKEWOOD 21-1 001,2591095,11/1/2016,110,110,30,171,1024,0,1024,0,0,6,34,0,34,0,0,6,34,0,34,0,0,193890,1163337,990,1157397,3185,0,REPORTED,"RUBICON OIL & GAS, LLC",,,,,,,,,,,1
840300001065900,8.40301E+14,30-015-35687,3001535687,LAKEWOOD 21-1 001,2591095,12/1/2016,111,111,31,177,1059,0,1059,0,0,6,34,0,34,0,0,6,34,0,34,0,0,194066,1164396,990,1158456,3185,0,REPORTED,"RUBICON OIL & GAS, LLC",,,,,,,,,,,1
840300001065900,8.40301E+14,30-015-35687,3001535687,LAKEWOOD 21-1 001,2591095,1/1/2017,112,112,31,176,1057,0,1057,0,0,6,34,0,34,0,0,6,34,0,34,0,0,194242,1165453,990,1159513,3185,0,REPORTED,"RUBICON OIL & GAS, LLC",,,,,,,,,,,1
840300001065900,8.40301E+14,30-015-35687,3001535687,LAKEWOOD 21-1 001,2591095,2/1/2017,113,113,28,157,941,0,941,0,0,6,34,0,34,0,0,6,34,0,34,0,0,194399,1166394,990,1160454,3185,0,REPORTED,"RUBICON OIL & GAS, LLC",,,,,,,,,,,1
840300001065900,8.40301E+14,30-015-35687,3001535687,LAKEWOOD 21-1 001,2591095,3/1/2017,114,114,31,174,1045,0,1045,0,0,6,34,0,34,0,0,6,34,0,34,0,0,194573,1167439,990,1161499,3185,0,REPORTED,"RUBICON OIL & GAS, LLC",,,,,,,,,,,1
840300001065900,8.40301E+14,30-015-35687,3001535687,LAKEWOOD 21-1 001,2591095,4/1/2017,115,115,30,181,1087,0,1087,0,0,6,36,0,36,0,0,6,36,0,36,0,0,194754,1168526,990,1162586,3185,0,REPORTED,"RUBICON OIL & GAS, LLC",,,,,,,,,,,1
840300001065900,8.40301E+14,30-015-35687,3001535687,LAKEWOOD 21-1 001,2591095,5/1/2017,116,116,31,175,1052,0,1052,0,0,6,34,0,34,0,0,6,34,0,34,0,0,194930,1169578,990,1163638,3185,0,REPORTED,"RUBICON OIL & GAS, LLC",,,,,,,,,,,1
840300001065900,8.40301E+14,30-015-35687,3001535687,LAKEWOOD 21-1 001,2591095,6/1/2017,117,117,30,168,1007,0,1007,0,0,6,34,0,34,0,0,6,34,0,34,0,0,195098,1170585,990,1164645,3185,0,REPORTED,"RUBICON OIL & GAS, LLC",,,,,,,,,,,1
840300001065900,8.40301E+14,30-015-35687,3001535687,LAKEWOOD 21-1 001,2591095,7/1/2017,118,118,31,162,972,0,972,0,0,5,31,0,31,0,0,5,31,0,31,0,0,195260,1171557,990,1165617,3185,0,REPORTED,"RUBICON OIL & GAS, LLC",,,,,,,,,,,1
840300001065900,8.40301E+14,30-015-35687,3001535687,LAKEWOOD 21-1 001,2591095,8/1/2017,119,119,31,168,1008,0,1008,0,0,5,33,0,33,0,0,5,33,0,33,0,0,195428,1172565,990,1166625,3185,0,REPORTED,"RUBICON OIL & GAS, LLC",,,,,,,,,,,1
840300001065900,8.40301E+14,30-015-35687,3001535687,LAKEWOOD 21-1 001,2591095,9/1/2017,120,120,30,156,935,0,935,0,0,5,31,0,31,0,0,5,31,0,31,0,0,195583,1173500,990,1167560,3185,0,REPORTED,"RUBICON OIL & GAS, LLC",,,,,,,,,,,1
840300001065900,8.40301E+14,30-015-35687,3001535687,LAKEWOOD 21-1 001,2591095,10/1/2017,121,121,31,161,964,0,964,0,0,5,31,0,31,0,0,5,31,0,31,0,0,195744,1174464,990,1168524,3185,0,REPORTED,"RUBICON OIL & GAS, LLC",,,,,,,,,,,1
840300001065900,8.40301E+14,30-015-35687,3001535687,LAKEWOOD 21-1 001,2591095,11/1/2017,122,122,30,160,960,0,960,0,0,5,32,0,32,0,0,5,32,0,32,0,0,195904,1175424,990,1169484,3185,0,REPORTED,"RUBICON OIL & GAS, LLC",,,,,,,,,,,1
840300001065900,8.40301E+14,30-015-35687,3001535687,LAKEWOOD 21-1 001,2591095,12/1/2017,123,123,31,161,965,0,965,0,0,5,31,0,31,0,0,5,31,0,31,0,0,196065,1176389,990,1170449,3185,0,REPORTED,"RUBICON OIL & GAS, LLC",,,,,,,,,,,1
840300001065900,8.40301E+14,30-015-35687,3001535687,LAKEWOOD 21-1 001,2591095,1/1/2018,124,124,31,158,946,0,946,0,0,5,31,0,31,0,0,5,31,0,31,0,0,196223,1177335,990,1171395,3185,0,REPORTED,"RUBICON OIL & GAS, LLC",,,,,,,,,,,1
840300001065900,8.40301E+14,30-015-35687,3001535687,LAKEWOOD 21-1 001,2591095,2/1/2018,125,125,28,137,824,0,824,0,0,5,29,0,29,0,0,5,29,0,29,0,0,196360,1178159,990,1172219,3185,0,REPORTED,"RUBICON OIL & GAS, LLC",,,,,,,,,,,1
840300001065900,8.40301E+14,30-015-35687,3001535687,LAKEWOOD 21-1 001,2591095,3/1/2018,126,126,31,129,771,0,771,0,0,4,25,0,25,0,0,4,25,0,25,0,0,196488,1178930,990,1172990,3185,0,REPORTED,"RUBICON OIL & GAS, LLC",,,,,,,,,,,1
840300001065900,8.40301E+14,30-015-35687,3001535687,LAKEWOOD 21-1 001,2591095,4/1/2018,127,127,30,144,861,0,861,0,0,5,29,0,29,0,0,5,29,0,29,0,0,196632,1179791,990,1173851,3185,0,REPORTED,"RUBICON OIL & GAS, LLC",,,,,,,,,,,1
840300001065900,8.40301E+14,30-015-35687,3001535687,LAKEWOOD 21-1 001,2591095,5/1/2018,128,128,31,171,1025,0,1025,0,0,6,33,0,33,0,0,6,33,0,33,0,0,196803,1180816,990,1174876,3185,0,REPORTED,"RUBICON OIL & GAS, LLC",,,,,,,,,,,1
840300001065900,8.40301E+14,30-015-35687,3001535687,LAKEWOOD 21-1 001,2591095,6/1/2018,129,129,30,155,931,0,931,0,0,5,31,0,31,0,0,5,31,0,31,0,0,196958,1181747,990,1175807,3185,0,REPORTED,"RUBICON OIL & GAS, LLC",,,,,,,,,,,1
840300001065900,8.40301E+14,30-015-35687,3001535687,LAKEWOOD 21-1 001,2591095,7/1/2018,130,130,31,158,945,0,945,0,0,5,30,0,30,0,0,5,30,0,30,0,0,197115,1182692,990,1176752,3185,0,REPORTED,"RUBICON OIL & GAS, LLC",,,,,,,,,,,1
840300001065900,8.40301E+14,30-015-35687,3001535687,LAKEWOOD 21-1 001,2591095,8/1/2018,131,131,31,166,994,0,994,0,0,5,32,0,32,0,0,5,32,0,32,0,0,197281,1183686,990,1177746,3185,0,REPORTED,"RUBICON OIL & GAS, LLC",,,,,,,,,,,1
840300001065900,8.40301E+14,30-015-35687,3001535687,LAKEWOOD 21-1 001,2591095,9/1/2018,132,132,25,150,897,0,897,0,0,5,30,0,30,0,0,6,36,0,36,0,0,197431,1184583,990,1178643,3185,0,REPORTED,"RUBICON OIL & GAS, LLC",,,,,,,,,,,1
840300001065900,8.40301E+14,30-015-35687,3001535687,LAKEWOOD 21-1 001,2591095,10/1/2018,133,133,31,148,887,0,887,0,0,5,29,0,29,0,0,5,29,0,29,0,0,197578,1185470,990,1179530,3185,0,REPORTED,"RUBICON OIL & GAS, LLC",,,,,,,,,,,1
840300001065900,8.40301E+14,30-015-35687,3001535687,LAKEWOOD 21-1 001,2591095,11/1/2018,134,134,30,151,905,0,905,0,0,5,30,0,30,0,0,5,30,0,30,0,0,197729,1186375,990,1180435,3185,0,REPORTED,"RUBICON OIL & GAS, LLC",,,,,,,,,,,1
840300001065900,8.40301E+14,30-015-35687,3001535687,LAKEWOOD 21-1 001,2591095,12/1/2018,135,135,31,84,503,0,503,0,0,3,16,0,16,0,0,3,16,0,16,0,0,197813,1186878,990,1180938,3185,0,REPORTED,"RUBICON OIL & GAS, LLC",,,,,,,,,,,1
840300001065900,8.40301E+14,30-015-35687,3001535687,LAKEWOOD 21-1 001,2591095,1/1/2019,136,136,31,147,881,0,881,0,0,5,28,0,28,0,0,5,28,0,28,0,0,197960,1187759,990,1181819,3185,0,REPORTED,"RUBICON OIL & GAS, LLC",,,,,,,,,,,1
840300001065900,8.40301E+14,30-015-35687,3001535687,LAKEWOOD 21-1 001,2591095,2/1/2019,137,137,28,132,792,0,792,0,0,5,28,0,28,0,0,5,28,0,28,0,0,198092,1188551,990,1182611,3185,0,REPORTED,"RUBICON OIL & GAS, LLC",,,,,,,,,,,1
840300001065900,8.40301E+14,30-015-35687,3001535687,LAKEWOOD 21-1 001,2591095,3/1/2019,138,138,31,139,836,0,836,0,0,4,27,0,27,0,0,4,27,0,27,0,0,198231,1189387,990,1183447,3185,0,REPORTED,"RUBICON OIL & GAS, LLC",,,,,,,,,,,1
840300001065900,8.40301E+14,30-015-35687,3001535687,LAKEWOOD 21-1 001,2591095,4/1/2019,139,139,30,139,834,0,834,0,0,5,28,0,28,0,0,5,28,0,28,0,0,198370,1190221,990,1184281,3185,0,REPORTED,"RUBICON OIL & GAS, LLC",,,,,,,,,,,1
840300001065900,8.40301E+14,30-015-35687,3001535687,LAKEWOOD 21-1 001,2591095,5/1/2019,140,140,31,152,909,0,909,0,0,5,29,0,29,0,0,5,29,0,29,0,0,198522,1191130,990,1185190,3185,0,REPORTED,"RUBICON OIL & GAS, LLC",,,,,,,,,,,1
840300001065900,8.40301E+14,30-015-35687,3001535687,LAKEWOOD 21-1 001,2591095,6/1/2019,141,141,30,154,922,0,922,0,0,5,31,0,31,0,0,5,31,0,31,0,0,198675,1192052,990,1186112,3185,0,REPORTED,"RUBICON OIL & GAS, LLC",,,,,,,,,,,1
840300001065900,8.40301E+14,30-015-35687,3001535687,LAKEWOOD 21-1 001,2591095,7/1/2019,142,142,31,152,912,0,912,0,0,5,29,0,29,0,0,5,29,0,29,0,0,198827,1192964,990,1187024,3185,0,REPORTED,"RUBICON OIL & GAS, LLC",,,,,,,,,,,1
840300001065900,8.40301E+14,30-015-35687,3001535687,LAKEWOOD 21-1 001,2591095,8/1/2019,143,143,31,140,837,0,837,0,0,5,27,0,27,0,0,5,27,0,27,0,0,198967,1193801,990,1187861,3185,0,REPORTED,"RUBICON OIL & GAS, LLC",,,,,,,,,,,1
840300001065900,8.40301E+14,30-015-35687,3001535687,LAKEWOOD 21-1 001,2591095,9/1/2019,144,144,30,148,885,0,885,0,0,5,30,0,30,0,0,5,30,0,30,0,0,199114,1194686,990,1188746,3185,0,REPORTED,"RUBICON OIL & GAS, LLC",,,,,,,,,,,1
840300001065900,8.40301E+14,30-015-35687,3001535687,LAKEWOOD 21-1 001,2591095,10/1/2019,145,145,31,153,916,0,916,0,0,5,30,0,30,0,0,5,30,0,30,0,0,199267,1195602,990,1189662,3185,0,REPORTED,"RUBICON OIL & GAS, LLC",,,,,,,,,,,1
840300001065900,8.40301E+14,30-015-35687,3001535687,LAKEWOOD 21-1 001,2591095,11/1/2019,146,146,30,142,852,0,852,0,0,5,28,0,28,0,0,5,28,0,28,0,0,199409,1196454,990,1190514,3185,0,REPORTED,"RUBICON OIL & GAS, LLC",,,,,,,,,,,1
840300001065900,8.40301E+14,30-015-35687,3001535687,LAKEWOOD 21-1 001,2591095,12/1/2019,147,147,31,141,848,0,848,0,0,5,27,0,27,0,0,5,27,0,27,0,0,199550,1197302,990,1191362,3185,0,REPORTED,"RUBICON OIL & GAS, LLC",,,,,,,,,,,1
840300001065900,8.40301E+14,30-015-35687,3001535687,LAKEWOOD 21-1 001,2591095,1/1/2020,148,148,31,146,877,0,877,0,0,5,28,0,28,0,0,5,28,0,28,0,0,199697,1198179,990,1192239,3185,0,REPORTED,"RUBICON OIL & GAS, LLC",,,,,,,,,,,1
840300001065900,8.40301E+14,30-015-35687,3001535687,LAKEWOOD 21-1 001,2591095,2/1/2020,149,149,29,133,796,0,796,0,0,5,27,0,27,0,0,5,27,0,27,0,0,199829,1198975,990,1193035,3185,0,REPORTED,"RUBICON OIL & GAS, LLC",,,,,,,,,,,1
840300001065900,8.40301E+14,30-015-35687,3001535687,LAKEWOOD 21-1 001,2591095,3/1/2020,150,150,29,140,838,0,838,0,0,5,27,0,27,0,0,5,29,0,29,0,0,199969,1199813,990,1193873,3185,0,REPORTED,"RUBICON OIL & GAS, LLC",,,,,,,,,,,1
840300001065900,8.40301E+14,30-015-35687,3001535687,LAKEWOOD 21-1 001,2591095,4/1/2020,151,151,30,139,831,0,831,0,0,5,28,0,28,0,0,5,28,0,28,0,0,200107,1200644,990,1194704,3185,0,REPORTED,"RUBICON OIL & GAS, LLC",,,,,,,,,,,1
840300001065900,8.40301E+14,30-015-35687,3001535687,LAKEWOOD 21-1 001,2591095,5/1/2020,152,152,31,138,829,0,829,0,0,4,27,0,27,0,0,4,27,0,27,0,0,200246,1201473,990,1195533,3185,0,REPORTED,"RUBICON OIL & GAS, LLC",,,,,,,,,,,1
840300001065900,8.40301E+14,30-015-35687,3001535687,LAKEWOOD 21-1 001,2591095,6/1/2020,153,153,30,132,790,0,790,0,0,4,26,0,26,0,0,4,26,0,26,0,0,200377,1202263,990,1196323,3185,0,REPORTED,"RUBICON OIL & GAS, LLC",,,,,,,,,,,1
840300001065900,8.40301E+14,30-015-35687,3001535687,LAKEWOOD 21-1 001,2591095,7/1/2020,154,154,31,100,600,0,600,0,0,3,19,0,19,0,0,3,19,0,19,0,0,200477,1202863,990,1196923,3185,0,REPORTED,"RUBICON OIL & GAS, LLC",,,,,,,,,,,1
840300001065900,8.40301E+14,30-015-35687,3001535687,LAKEWOOD 21-1 001,2591095,8/1/2020,155,155,31,161,967,0,967,0,0,5,31,0,31,0,0,5,31,0,31,0,0,200638,1203830,990,1197890,3185,0,REPORTED,"RUBICON OIL & GAS, LLC",,,,,,,,,,,1
840300001065900,8.40301E+14,30-015-35687,3001535687,LAKEWOOD 21-1 001,2591095,9/1/2020,156,156,30,134,802,0,802,0,0,4,27,0,27,0,0,4,27,0,27,0,0,200772,1204632,990,1198692,3185,0,REPORTED,"RUBICON OIL & GAS, LLC",,,,,,,,,,,1
840300001065900,8.40301E+14,30-015-35687,3001535687,LAKEWOOD 21-1 001,2591095,10/1/2020,157,157,31,139,836,0,836,0,0,4,27,0,27,0,0,4,27,0,27,0,0,200911,1205468,990,1199528,3185,0,REPORTED,"RUBICON OIL & GAS, LLC",,,,,,,,,,,1
840300001065900,8.40301E+14,30-015-35687,3001535687,LAKEWOOD 21-1 001,2591095,11/1/2020,158,158,30,141,843,0,843,0,0,5,28,0,28,0,0,5,28,0,28,0,0,201052,1206311,990,1200371,3185,0,REPORTED,"RUBICON OIL & GAS, LLC",,,,,,,,,,,1
840300001065900,8.40301E+14,30-015-35687,3001535687,LAKEWOOD 21-1 001,2591095,12/1/2020,159,159,31,139,835,0,835,0,0,4,27,0,27,0,0,4,27,0,27,0,0,201191,1207146,990,1201206,3185,0,REPORTED,"RUBICON OIL & GAS, LLC",,,,,,,,,,,1
840300001065900,8.40301E+14,30-015-35687,3001535687,LAKEWOOD 21-1 001,2591095,1/1/2021,160,160,31,136,817,0,817,0,0,4,26,0,26,0,0,4,26,0,26,0,0,201327,1207963,990,1202023,3185,0,REPORTED,"RUBICON OIL & GAS, LLC",,,,,,,,,,,1
840300001065900,8.40301E+14,30-015-35687,3001535687,LAKEWOOD 21-1 001,2591095,2/1/2021,161,161,28,125,750,0,750,0,0,4,27,0,27,0,0,4,27,0,27,0,0,201452,1208713,990,1202773,3185,0,REPORTED,"RUBICON OIL & GAS, LLC",,,,,,,,,,,1
840300001065900,8.40301E+14,30-015-35687,3001535687,LAKEWOOD 21-1 001,2591095,3/1/2021,162,162,31,129,772,0,772,0,0,4,25,0,25,0,0,4,25,0,25,0,0,201581,1209485,990,1203545,3185,0,REPORTED,"RUBICON OIL & GAS, LLC",,,,,,,,,,,1
840300001065900,8.40301E+14,30-015-35687,3001535687,LAKEWOOD 21-1 001,2591095,4/1/2021,163,163,30,140,842,0,842,0,0,5,28,0,28,0,0,5,28,0,28,0,0,201721,1210327,990,1204387,3185,0,REPORTED,"RUBICON OIL & GAS, LLC",,,,,,,,,,,1
840300001065900,8.40301E+14,30-015-35687,3001535687,LAKEWOOD 21-1 001,2591095,5/1/2021,164,164,31,134,803,0,803,0,0,4,26,0,26,0,0,4,26,0,26,0,0,201855,1211130,990,1205190,3185,0,REPORTED,"RUBICON OIL & GAS, LLC",,,,,,,,,,,1
840300001065900,8.40301E+14,30-015-35687,3001535687,LAKEWOOD 21-1 001,2591095,6/1/2021,165,165,30,124,744,0,744,0,0,4,25,0,25,0,0,4,25,0,25,0,0,201979,1211874,990,1205934,3185,0,REPORTED,"RUBICON OIL & GAS, LLC",,,,,,,,,,,1
840300001065900,8.40301E+14,30-015-35687,3001535687,LAKEWOOD 21-1 001,2591095,7/1/2021,166,166,31,136,817,0,817,0,0,4,26,0,26,0,0,4,26,0,26,0,0,202115,1212691,990,1206751,3185,0,REPORTED,"RUBICON OIL & GAS, LLC",,,,,,,,,,,1
840300001065900,8.40301E+14,30-015-35687,3001535687,LAKEWOOD 21-1 001,2591095,8/1/2021,167,167,31,133,799,0,799,0,0,4,26,0,26,0,0,4,26,0,26,0,0,202248,1213490,990,1207550,3185,0,REPORTED,"RUBICON OIL & GAS, LLC",,,,,,,,,,,1
840300001065900,8.40301E+14,30-015-35687,3001535687,LAKEWOOD 21-1 001,2591095,9/1/2021,168,168,30,123,739,0,739,0,0,4,25,0,25,0,0,4,25,0,25,0,0,202372,1214229,990,1208289,3185,0,REPORTED,"RUBICON OIL & GAS, LLC",,,,,,,,,,,1
840300001065900,8.40301E+14,30-015-35687,3001535687,LAKEWOOD 21-1 001,2591095,10/1/2021,169,169,31,121,727,0,727,0,0,4,23,0,23,0,0,4,23,0,23,0,0,202493,1214956,990,1209016,3185,0,REPORTED,"RUBICON OIL & GAS, LLC",,,,,,,,,,,1
840300001065900,8.40301E+14,30-015-35687,3001535687,LAKEWOOD 21-1 001,2591095,11/1/2021,170,170,30,125,750,0,750,0,0,4,25,0,25,0,0,4,25,0,25,0,0,202618,1215706,990,1209766,3185,0,REPORTED,"RUBICON OIL & GAS, LLC",,,,,,,,,,,1
840300001065900,8.40301E+14,30-015-35687,3001535687,LAKEWOOD 21-1 001,2591095,12/1/2021,171,171,31,118,709,0,709,0,0,4,23,0,23,0,0,4,23,0,23,0,0,202736,1216415,990,1210475,3185,0,REPORTED,"RUBICON OIL & GAS, LLC",,,,,,,,,,,1
840300001065900,8.40301E+14,30-015-35687,3001535687,LAKEWOOD 21-1 001,2591095,1/1/2022,172,172,31,127,764,0,764,0,0,4,25,0,25,0,0,4,25,0,25,0,0,202863,1217179,990,1211239,3185,0,REPORTED,"RUBICON OIL & GAS, LLC",,,,,,,,,,,1
840300001065900,8.40301E+14,30-015-35687,3001535687,LAKEWOOD 21-1 001,2591095,2/1/2022,173,173,28,120,717,0,717,0,0,4,26,0,26,0,0,4,26,0,26,0,0,202983,1217896,990,1211956,3185,0,REPORTED,"RUBICON OIL & GAS, LLC",,,,,,,,,,,1
840300001065900,8.40301E+14,30-015-35687,3001535687,LAKEWOOD 21-1 001,2591095,3/1/2022,174,174,31,124,742,0,742,0,0,4,24,0,24,0,0,4,24,0,24,0,0,203106,1218638,990,1212698,3185,0,REPORTED,"RUBICON OIL & GAS, LLC",,,,,,,,,,,1
840300001065900,8.40301E+14,30-015-35687,3001535687,LAKEWOOD 21-1 001,2591095,4/1/2022,175,175,30,118,707,0,707,0,0,4,24,0,24,0,0,4,24,0,24,0,0,203224,1219345,990,1213405,3185,0,REPORTED,"RUBICON OIL & GAS, LLC",,,,,,,,,,,1
840300001065900,8.40301E+14,30-015-35687,3001535687,LAKEWOOD 21-1 001,2591095,5/1/2022,176,176,31,117,703,0,703,0,0,4,23,0,23,0,0,4,23,0,23,0,0,203341,1220048,990,1214108,3185,0,REPORTED,"RUBICON OIL & GAS, LLC",,,,,,,,,,,1
840300001065900,8.40301E+14,30-015-35687,3001535687,LAKEWOOD 21-1 001,2591095,6/1/2022,177,177,30,108,649,0,649,0,0,4,22,0,22,0,0,4,22,0,22,0,0,203450,1220697,990,1214757,3185,0,REPORTED,"RUBICON OIL & GAS, LLC",,,,,,,,,,,1
840300001065900,8.40301E+14,30-015-35687,3001535687,LAKEWOOD 21-1 001,2591095,7/1/2022,178,178,31,103,618,0,618,0,0,3,20,0,20,0,0,3,20,0,20,0,0,203553,1221315,990,1215375,3185,0,REPORTED,"RUBICON OIL & GAS, LLC",,,,,,,,,,,1
840300001065900,8.40301E+14,30-015-35687,3001535687,LAKEWOOD 21-1 001,2591095,8/1/2022,179,179,31,116,696,0,696,0,0,4,22,0,22,0,0,4,22,0,22,0,0,203669,1222011,990,1216071,3185,0,REPORTED,"RUBICON OIL & GAS, LLC",,,,,,,,,,,1
840300001065900,8.40301E+14,30-015-35687,3001535687,LAKEWOOD 21-1 001,2591095,9/1/2022,180,180,30,108,648,0,648,0,0,4,22,0,22,0,0,4,22,0,22,0,0,203777,1222659,990,1216719,3185,0,REPORTED,"RUBICON OIL & GAS, LLC",,,,,,,,,,,1
840300001065900,8.40301E+14,30-015-35687,3001535687,LAKEWOOD 21-1 001,2591095,10/1/2022,181,181,26,118,705,0,705,0,0,4,23,0,23,0,0,5,27,0,27,0,0,203894,1223364,990,1217424,3185,0,REPORTED,"RUBICON OIL & GAS, LLC",,,,,,,,,,,1
840300001065900,8.40301E+14,30-015-35687,3001535687,LAKEWOOD 21-1 001,2591095,11/1/2022,182,182,30,108,648,0,648,0,0,4,22,0,22,0,0,4,22,0,22,0,0,204002,1224012,990,1218072,3185,0,REPORTED,"RUBICON OIL & GAS, LLC",,,,,,,,,,,1
840300001065900,8.40301E+14,30-015-35687,3001535687,LAKEWOOD 21-1 001,2591095,12/1/2022,183,183,31,104,621,0,621,0,0,3,20,0,20,0,0,3,20,0,20,0,0,204106,1224633,990,1218693,3185,0,REPORTED,"RUBICON OIL & GAS, LLC",,,,,,,,,,,1
840300001065900,8.40301E+14,30-015-35687,3001535687,LAKEWOOD 21-1 001,2591095,1/1/2023,184,184,31,104,622,0,622,0,0,3,20,0,20,0,0,3,20,0,20,0,0,204209,1225255,990,1219315,3185,0,REPORTED,"RUBICON OIL & GAS, LLC",,,,,,,,,,,1
840300001065900,8.40301E+14,30-015-35687,3001535687,LAKEWOOD 21-1 001,2591095,2/1/2023,185,185,28,88,525,0,525,0,0,3,19,0,19,0,0,3,19,0,19,0,0,204297,1225780,990,1219840,3185,0,REPORTED,"RUBICON OIL & GAS, LLC",,,,,,,,,,,1
840300001065900,8.40301E+14,30-015-35687,3001535687,LAKEWOOD 21-1 001,2591095,3/1/2023,186,186,31,104,625,0,625,0,0,3,20,0,20,0,0,3,20,0,20,0,0,204401,1226405,990,1220465,3185,0,REPORTED,"RUBICON OIL & GAS, LLC",,,,,,,,,,,1
840300001065900,8.40301E+14,30-015-35687,3001535687,LAKEWOOD 21-1 001,2591095,4/1/2023,187,187,30,100,598,0,598,0,0,3,20,0,20,0,0,3,20,0,20,0,0,204501,1227003,990,1221063,3185,0,REPORTED,"RUBICON OIL & GAS, LLC",,,,,,,,,,,1
840300001065900,8.40301E+14,30-015-35687,3001535687,LAKEWOOD 21-1 001,2591095,5/1/2023,188,188,27,89,531,0,531,0,0,3,17,0,17,0,0,3,20,0,20,0,0,204589,1227534,990,1221594,3185,0,REPORTED,"RUBICON OIL & GAS, LLC",,,,,,,,,,,1
840300001065900,8.40301E+14,30-015-35687,3001535687,LAKEWOOD 21-1 001,2591095,6/1/2023,189,189,27,125,752,0,752,0,0,4,25,0,25,0,0,5,28,0,28,0,0,204714,1228286,990,1222346,3185,0,REPORTED,"RUBICON OIL & GAS, LLC",,,,,,,,,,,1
840300001065900,8.40301E+14,30-015-35687,3001535687,LAKEWOOD 21-1 001,2591095,7/1/2023,190,190,31,107,641,0,641,0,0,3,21,0,21,0,0,3,21,0,21,0,0,204821,1228927,990,1222987,3185,0,REPORTED,"RUBICON OIL & GAS, LLC",,,,,,,,,,,1
840300001065900,8.40301E+14,30-015-35687,3001535687,LAKEWOOD 21-1 001,2591095,8/1/2023,191,191,31,105,631,0,631,0,0,3,20,0,20,0,0,3,20,0,20,0,0,204926,1229558,990,1223618,3185,0,REPORTED,"RUBICON OIL & GAS, LLC",,,,,,,,,,,1
840300001065900,8.40301E+14,30-015-35687,3001535687,LAKEWOOD 21-1 001,2591095,9/1/2023,192,192,30,98,589,0,589,0,0,3,20,0,20,0,0,3,20,0,20,0,0,205025,1230147,990,1224207,3185,0,REPORTED,"RUBICON OIL & GAS, LLC",,,,,,,,,,,1
840300001065900,8.40301E+14,30-015-35687,3001535687,LAKEWOOD 21-1 001,2591095,10/1/2023,193,193,24,87,522,0,522,0,0,3,17,0,17,0,0,4,22,0,22,0,0,205112,1230669,990,1224729,3185,0,REPORTED,"RUBICON OIL & GAS, LLC",,,,,,,,,,,1
840300001065900,8.40301E+14,30-015-35687,3001535687,LAKEWOOD 21-1 001,2591095,11/1/2023,194,194,9,67,401,0,401,0,0,2,13,0,13,0,0,7,45,0,45,0,0,205178,1231070,990,1225130,3185,0,REPORTED,"RUBICON OIL & GAS, LLC",,,,,,,,,,,1
